#{"t_start": 1768390655.8939471, "env_id": "None"}
r,l,t
-236.84001,1316,1.390539
-235.74976,1425,4.695878
-237.25005,1275,5.992083
-235.9398,1406,9.040437
-235.46977,1453,12.102681
-235.17975,1482,15.382755
-234.97981,1502,16.838842
-236.44989,1355,20.020303
-235.34981,1465,23.786755
-234.83978,1516,25.325124
-235.33978,1466,28.464436
9857.889,806,30.977434
-236.77997,1322,32.291255
-235.17981,1482,35.480125
-234.5198,1548,38.568609
-234.2698,1573,40.098927
-234.4098,1559,43.461133
-235.0698,1493,46.561938
10.000394,3000,51.075084
-235.41978,1458,54.166739
-234.83981,1516,57.776754
-227.01982,1298,59.175628
-235.34981,1465,62.263154
-235.89978,1410,65.267049
-235.6698,1433,68.242468
-235.70981,1429,69.658919
-234.90982,1509,72.656539
-235.98979,1401,75.541982
-234.8798,1512,76.915906
-235.59978,1440,79.863434
-234.56981,1543,82.909783
-235.49979,1450,85.771625
-235.96986,1403,87.024582
-236.26993,1373,89.95373
-236.5199,1348,92.794132
-235.0898,1491,94.1415
-235.45981,1454,97.122747
-236.76003,1324,100.004805
-234.81981,1518,101.438602
-235.7598,1424,104.470241
-235.9298,1407,107.433609
-235.6698,1433,110.447535
-235.1098,1489,111.830266
-236.79,1321,114.652093
-236.40988,1359,117.594016
-222.85983,1214,118.711232
-236.97,1303,121.73821
-236.5199,1348,123.075491
-236.49992,1350,126.267696
-235.61978,1438,129.523354
-236.11986,1388,130.925478
-235.02982,1497,134.029742
0.0005093217,3000,140.586863
-234.92981,1507,142.132034
-235.21979,1478,145.18751
-236.14987,1385,148.100172
-234.68979,1531,151.300723
-237.40996,1259,152.477453
-234.8298,1517,156.017244
-236.89001,1311,158.930748
-227.0798,1292,160.182062
-235.99982,1400,163.36288
-236.20985,1379,166.329945
-235.1298,1487,167.714929
-236.17984,1382,170.83012
-234.05978,1594,174.341727
-236.65,1335,175.657804
-236.45995,1354,178.881285
-235.0398,1496,182.534105
-232.4098,1259,183.943402
-227.07977,1292,187.345912
-235.5698,1443,190.628125
-235.88982,1411,192.015548
-236.08987,1391,195.057997
-234.5098,1549,198.196268
-236.51999,1348,199.541506
-235.1898,1481,202.705358
-227.19978,1280,205.549928
-235.11978,1488,208.665603
-234.64978,1535,210.197155
-235.84984,1415,213.484869
-235.6698,1433,216.410811
-236.0898,1391,217.717198
-234.7898,1521,220.908706
-232.22978,1277,223.760736
-235.0998,1490,225.139985
-231.06975,1393,228.044029
-235.5198,1448,231.170388
-227.0598,1294,234.063081
-236.60994,1339,235.305983
-227.20982,1279,238.176149
-235.07979,1492,241.437578
-234.63982,1536,242.917605
-234.8998,1510,246.079128
-234.6398,1536,249.316561
-235.62979,1437,250.708817
-234.9298,1507,253.944658
-234.61981,1538,257.079085
-235.27979,1472,260.254664
-234.3998,1560,261.811514
-234.97981,1502,264.956333
-227.66983,1233,267.791998
-235.6498,1435,269.194273
-234.8098,1519,272.431374
-236.26984,1373,275.669463
-232.0498,1295,276.974962
-235.1598,1484,280.441751
-234.9598,1504,283.535542
69.999054,3000,288.031603
-236.08989,1391,291.017516
-231.37978,1362,293.888928
-235.07979,1492,295.278056
-235.6198,1438,298.243043
-235.0298,1497,301.450933
34.999836,3000,306.10237
-236.00987,1399,309.118522
-235.03983,1496,312.27495
-235.1698,1483,315.453992
9880.231,1039,316.426937
9860.317,1048,319.028379
-234.82979,1517,320.432856
-234.42981,1557,323.566373
20334.885,3000,329.633852
85.00217,3000,334.170999
-234.64983,1535,337.316903
9914.779,1492,338.749406
20594.43,3000,345.011249
-236.49994,1350,347.894073
9903.697,1389,349.164507
-235.98984,1401,352.157532
9949.885,2003,355.616097
9891.305,1145,356.692931
-234.3298,1567,359.811185
-235.09981,1490,362.835333
-234.9098,1509,365.856158
-235.02982,1497,367.261214
-235.4298,1457,370.227753
105.00337,3000,376.299502
20.0006,3000,380.701007
-234.36978,1563,383.65743
144.99509,3000,388.038063
5.0003896,3000,393.961227
144.99248,3000,398.269668
-234.5698,1543,401.421864
9884.977,2501,405.313084
-234.73979,1526,408.286451
-234.86981,1513,411.239469
9892.537,1270,412.411395
9890.625,1080,415.056502
-234.24979,1575,418.047578
9892.932,2301,421.823963
-234.8198,1518,423.266225
9885.509,1559,426.330522
9946.656,1682,429.525991
9912.985,1314,432.38443
-234.59978,1540,433.821099
9968.127,1342,436.692625
9936.739,1196,439.481081
10017.499,1778,442.790434
9884.874,1006,443.748935
-235.0298,1497,446.667799
-234.8598,1514,449.709263
9913.938,1411,451.013241
10000.6875,2588,454.9798
9990.321,1558,458.105731
9914.699,1489,461.150353
-235.27979,1472,464.078725
-234.89983,1510,465.46513
9914.792,1495,468.376806
9910.779,1101,471.047124
9937.657,1288,472.281095
9902.733,1292,475.092313
9891.488,1168,477.692703
-235.0498,1495,479.086205
-234.62979,1537,482.167281
9872.638,1278,484.919288
-234.63979,1536,486.344918
-234.48979,1551,489.457352
10006.758,2196,493.050901
9944.857,1503,496.006948
9893.374,1354,498.866212
9880.235,1039,499.876652
9974.884,2505,503.733201
10309.459,3000,509.739558
9870.916,1105,510.792128
9969.091,2926,516.89246
9903.486,1368,518.177774
9891.531,1170,520.963453
9884.459,961,521.848995
9984.573,2475,527.179643
-234.8998,1510,528.572216
10037.116,2734,534.202452
9869.352,954,535.08682
9935.764,1594,538.075565
9976.361,2655,542.180382
9858.553,872,544.542192
-235.1798,1482,545.934965
-234.82979,1517,548.97455
9978.563,1383,552.187458
9936.132,1136,553.334655
9933.202,1340,556.301663
9940.967,1118,558.89656
-235.00981,1499,560.332435
-234.96979,1503,563.289637
9904.248,1442,566.272885
9940.887,1110,567.286258
9920.224,1041,569.869614
9962.186,1240,571.025993
9903.113,1330,573.81557
9975.025,1528,576.750676
20254.215,1452,579.78697
59.997047,3000,584.142825
20198.213,1348,586.931183
144.99266,3000,591.250884
9976.898,1217,593.933663
9895.286,1048,594.891774
9880.078,1026,597.456532
-234.8598,1514,598.871624
9900.158,1032,601.45349
9952.412,1265,604.198367
20246.281,1151,605.270567
9973.372,1365,608.135792
20136.479,1172,609.273686
20116.977,1222,612.002
-229.95976,1504,614.973504
20188.887,1930,618.333732
9985.563,1587,619.848828
20366.018,1637,622.923701
10076.943,2722,628.68684
9974.615,1491,630.215442
9972.567,1283,633.224723
10033.604,2381,637.362207
9983.991,1424,641.388923
9880.308,1048,642.393607
-234.41977,1558,645.580111
9946.739,1198,648.446297
9915.394,1061,649.504199
-234.11978,1588,652.820187
20179.584,2001,656.412051
9973.233,1349,659.339177
9904.26,945,660.211183
-234.30981,1569,663.291394
20152.3,1250,664.479012
20200.2,1549,667.553664
9879.343,950,670.054233
9882.409,1258,671.192971
9902.42,1260,673.886602
9880.43,1061,674.875891
9880.559,1075,677.386208
9880.598,1079,678.386413
9884.838,1002,680.932424
20231.588,2204,684.545394
9865.238,1043,687.059493
9913.59,877,687.862823
9881.001,1119,688.898789
-234.74983,1525,691.940706
9878.532,1357,694.773134
10364.335,3000,699.352038
10017.082,1737,702.582174
10279.372,3000,708.545846
9880.808,1099,709.603636
9995.26,1556,712.668017
-235.17978,1482,715.744734
9937.069,1231,716.881907
20110.105,1032,719.439417
-233.92981,1607,722.541176
20243.873,1418,723.876915
9892.58,1278,726.669099
20210.848,1103,727.687058
-234.77982,1522,730.772029
9962.149,1239,733.523087
9879.483,965,734.40042
9890.64,1081,736.992033
20309.959,1523,740.047349
9890.689,1088,741.05209
9956.942,1218,743.761303
9881.381,2145,747.255079
20404.719,1502,748.65194
20353.404,1881,752.069955
9912.47,1267,754.796185
20207.197,2253,758.51861
20426.854,1723,761.79661
20225.139,1542,764.842776
20206.621,2722,768.955066
20263.633,1390,772.140546
-234.69975,1530,773.554518
9954.726,1495,776.436297
10229.374,3000,782.404223
20357.566,2810,786.567978
-234.58981,1541,789.60619
20187.09,1743,792.841211
9934.582,2472,796.645106
9880.147,2019,800.110955
20269.22,1965,803.459265
10022.284,1256,804.582256
9901.553,1174,807.202027
20110.844,1108,808.239911
9959.399,1464,811.155236
-234.17978,1582,814.136828
20121.95,1219,816.796045
9920.639,2073,820.447332
9963.317,1360,821.679479
20463.096,2351,825.46727
20275.559,2103,828.994521
10004.227,1450,831.980715
20142.127,1237,834.820956
10041.486,1173,835.952185
9868.948,910,838.418389
9884.2705,944,839.355083
9942.019,1228,842.094765
9879.001,917,842.955992
9995.267,1556,845.986151
9880.954,1115,848.64608
9882.529,2257,852.397687
9986.361,1667,853.996854
9890.952,1117,856.571979
9993.831,1412,859.660998
9891.795,2185,863.286148
20243.611,1391,864.572448
10027.899,1820,867.842572
9903.279,1346,870.848887
20172.229,1247,873.705568
9992.58,1285,874.910736
9859.862,1003,877.427304
20252.533,1279,878.601754
20116.76,2737,884.301852
20347.004,1737,887.432594
20244.076,1437,888.766755
9859.962,1011,891.243427
9870.19,1037,892.204193
30562.768,2326,895.959861
9961.762,1198,898.804372
20199.426,1979,902.384369
20334.547,1484,905.410194
9869.247,940,906.265545
9984.666,1494,909.244705
9915.456,1068,910.266867
20266.533,1690,913.437088
20396.72,1708,916.55592
9951.912,1216,919.209738
20345.766,1610,920.728209
20234.27,946,923.114984
20198.121,1852,926.4519
9994.038,1432,927.777163
9913.1875,1339,930.866242
-235.93982,1406,934.018809
9859.225,937,934.894173
9891.191,1137,937.755424
9857.828,798,938.511502
20374.424,1474,941.609844
20334.559,1483,944.581078
9993.541,1380,945.9002
20173.703,1400,948.778337
9859.301,948,949.68409
9882.545,2260,955.055618
9857.691,784,955.819004
20254.283,1459,958.876621
20509.348,3000,963.349679
-234.93982,1506,966.363153
9984.328,1460,969.468209
-235.0198,1498,970.873568
20273.957,1424,973.789124
9933.568,1378,976.673501
20236.496,1173,977.801603
20165.736,1608,980.931025
9880.319,1051,983.432054
20174.61,1492,984.788985
-234.96977,1503,987.750942
20180.857,1612,990.978615
20119.535,1998,994.446721
9924.927,2503,998.447203
20052.629,778,999.193698
20189.582,978,1001.716007
20327.146,1753,1004.874071
9858.25,840,1005.638589
20124.309,951,1008.078029
20342.484,1787,1009.774452
20157.514,1278,1012.617668
9910.547,1076,1015.191474
20334.182,1449,1016.511241
9983.645,1392,1019.372118
20269.984,1019,1020.311622
9880.768,1095,1022.903892
30555.371,2595,1026.806535
20235.855,1619,1029.995089
20251.229,1147,1032.728293
20132.246,1249,1033.907461
9863.585,874,1036.296986
9994.357,1464,1037.652038
20119.445,964,1040.17342
20089.453,964,1041.07464
30589.105,2966,1046.894256
9911.544,1177,1047.978616
20262.254,1251,1050.714839
10294.33,3000,1055.054388
9952.326,1259,1057.789622
9980.056,1027,1060.322458
20376.404,1677,1061.82358
20427.64,1803,1065.007152
9983.734,1401,1067.882052
9878.515,869,1068.674062
20141.72,1196,1071.41179
20252.723,1299,1074.24903
20161.398,1164,1075.320899
20160.13,1543,1078.456309
20414.672,1500,1081.601033
9880.334,1053,1082.623391
20119.96,1017,1085.164737
20189.623,2007,1088.609044
20156.17,2677,1092.682643
20101.973,2244,1096.386913
20209.723,2015,1099.865293
20430.172,2061,1103.373977
10289.322,3000,1107.68098
20164.416,1470,1110.723822
20286.018,1635,1113.788698
9962.08,2224,1117.381987
9988.138,1342,1120.253615
10052.995,1325,1121.497247
9972.457,2259,1125.188818
20649.387,3000,1131.200912
20357.102,1748,1134.328163
9982.354,1259,1135.493377
9994.8125,1511,1138.404845
20157.28,1766,1141.726571
30492.87,1315,1144.534278
20199.34,1978,1147.853445
20142.264,1252,1149.027483
9972.695,1297,1151.93387
20240.916,1114,1153.024714
20219.344,1977,1156.546665
20218.562,2410,1162.023425
20171.164,1141,1163.070885
9894.232,941,1165.436558
9911.372,1158,1166.506732
30754.553,2510,1170.361242
20372.883,1317,1173.203505
9879.877,1005,1174.131708
20215.838,1617,1177.255727
9858.928,910,1179.68309
30810.307,2077,1183.137896
20098.52,1891,1186.483777
9881.007,1119,1187.522241
20247.81,1307,1190.44537
9994.863,1007,1191.360444
20443.607,2414,1196.700939
20219.309,950,1197.596146
20169.266,946,1198.466383
20281.996,1225,1201.345949
20152.693,1296,1204.113999
20319.81,2025,1207.618045
20268.65,1906,1210.951991
9879.99,1017,1211.893444
9925.203,1041,1214.386572
30669.764,2019,1217.773835
20246.115,1135,1218.800574
30705.385,1572,1221.934102
30832.748,1815,1225.198353
20245.832,1105,1226.230894
30673.52,1887,1229.488897
30631.875,1213,1232.145042
20139.996,1021,1233.078509
20249.398,1983,1236.461555
30687.01,2758,1242.245926
20201.426,1165,1243.308609
20142.986,1839,1246.978445
30774.336,3000,1252.826643
20187.04,1230,1253.956746
30608.09,1337,1256.731451
9900.055,1027,1257.689449
20122.348,2286,1261.473023
41254.895,1959,1264.817482
9899.962,1017,1267.24896
9868.896,908,1268.077367
9983.956,1425,1271.010151
30522.844,1824,1274.250624
20289.17,1959,1277.555411
20258.752,1918,1280.936649
20310.379,1572,1283.920918
20253.342,1875,1287.257524
20221.582,1183,1288.327722
20509.316,3000,1294.253779
20129.38,958,1295.135864
30708.717,1912,1298.470904
20339.527,1483,1301.561878
30631.572,2205,1305.269924
20264.123,1955,1308.749187
9889.856,1006,1309.734567
9960.798,1102,1312.334612
20257.791,1307,1313.56826
20120.834,1104,1316.145379
20260.027,2048,1319.743553
20124.13,933,1320.65461
9895.022,1022,1323.262727
20664.322,3000,1327.630439
20303.418,1882,1331.189524
20218.928,2447,1335.205552
30518.703,1912,1338.728013
30681.455,2194,1342.610836
9915.592,1079,1345.297668
20172.488,1273,1348.135808
9971.055,2122,1351.912293
41078.977,1924,1355.61471
20191.236,1148,1356.724788
30721.33,2182,1360.461948
30603.01,2352,1364.35177
30734.293,1460,1367.369947
30643.785,1920,1370.806123
41071.344,1644,1373.879013
30692.541,1281,1375.062229
20287.252,1251,1377.848634
20639.316,3000,1383.839421
30753.441,1886,1385.626385
30743.68,1398,1388.480597
20312.363,1261,1391.442714
30504.424,2498,1395.444263
20332.965,1323,1398.20652
20231.762,1201,1399.351358
30608.092,1849,1402.650463
20331.705,1709,1405.822129
20107.633,1801,1409.141897
30873.021,2355,1413.052368
20289.559,1488,1416.104119
20130.303,1052,1417.171681
30690.87,2134,1420.948628
9952.518,1277,1423.93667
20370.025,2048,1427.403969
30644.576,1489,1430.364048
30647.969,1837,1432.064804
20341.65,1189,1434.648486
30589.562,2000,1438.043003
30742.066,1743,1441.314477
20674.332,3000,1445.832722
9952.938,1320,1448.673599
40968.867,1911,1452.144894
20100.014,1022,1453.154143
30889.275,2483,1458.651985
20390.64,2110,1462.275521
30760.375,1571,1463.760293
30565.59,1594,1466.850324
20140.525,1075,1469.515219
30719.475,1991,1473.087752
20129.738,995,1474.041196
20679.318,3000,1480.212963
20250.27,1048,1481.209541
20461.346,2183,1484.859037
9946.469,1171,1488.515345
20209.574,1490,1491.622549
41204.496,2470,1495.48411
30709.57,2000,1499.560167
20387.766,1809,1503.355489
30562.34,2283,1507.229599
30848.777,1409,1508.636267
30944.172,1959,1512.268152
30594.457,1478,1515.188753
41020.28,2040,1518.589132
20669.352,3000,1524.51817
9973.181,1345,1525.770985
30739.232,1967,1529.261604
10062.452,1272,1532.056421
30883.314,2385,1535.987682
30774.973,2556,1539.962711
30684.492,2505,1544.265987
30689.162,1957,1547.753935
30916.781,2227,1551.730389
20320.402,1573,1555.001129
41476.16,2615,1561.513931
30590.416,2087,1565.189548
30729.594,2515,1569.157607
30627.633,1803,1572.496514
20285.146,1548,1573.971253
30820.193,2577,1579.521547
30453.79,1408,1580.813659
41064.65,2502,1586.367897
30949.818,2023,1590.003191
30504.92,1525,1591.420011
20151.523,1178,1594.189454
30937.186,1754,1597.66755
30625.312,1565,1599.216953
30884.555,1999,1602.811955
20172.057,1232,1605.643799
20320.922,1116,1608.222107
41342.94,2804,1612.460444
30629.986,1532,1615.440973
20278.943,1425,1616.768231
20300.059,1537,1619.818976
20268.371,1365,1622.6964
20297.152,1753,1625.932675
20276.135,1649,1629.044596
20199.646,985,1629.989505
20193.215,1350,1632.907941
20464.477,1989,1636.372769
30572.11,1237,1637.508595
30690.885,2647,1643.613022
30622.053,1231,1644.808103
30788.578,2921,1651.171422
30620.752,2124,1654.960872
20342.926,1320,1656.249114
20283.4,1883,1659.682684
20338.285,2379,1663.505041
20272.838,1310,1666.373942
30705.322,2588,1670.573317
9879.46,965,1673.183956
30782.816,1821,1676.505964
20249.451,964,1677.430442
9999.579,1487,1680.62128
20351.531,1689,1683.981697
20192.363,1257,1685.154801
30607.564,2807,1691.124089
20474.672,3000,1695.682206
20336.047,1640,1698.855138
9911.266,1148,1699.987479
20285.367,1569,1703.152784
30999.611,2498,1707.097544
9900.081,1029,1709.744682
30818.951,1937,1713.368099
30748.293,1871,1716.894886
20284.248,1967,1720.507588
9983.79,1408,1721.845964
30667.95,1832,1725.212308
30535.867,1621,1728.702043
20314.084,1439,1731.803128
20089.281,948,1732.681977
30593.389,1370,1735.615801
20166.436,1167,1736.728859
20197.38,1264,1739.544627
20347.752,1814,1742.909257
9978.467,1376,1745.856383
30731.102,1646,1747.392203
30693.25,2375,1753.06134
30994.314,3000,1757.432791
30767.484,1786,1760.760395
30647.701,1808,1763.999471
30669.53,1995,1767.354116
20247.016,1227,1768.496535
20241.248,1149,1771.160221
30578.479,1887,1774.498731
30686.635,1700,1777.638852
30643.418,1371,1778.911772
30611.277,2688,1784.599572
9979.475,1477,1786.019255
20171.113,1134,1788.693943
30745.299,1564,1791.785278
30712.24,1762,1795.121052
30627.463,1785,1796.786863
30786.508,1688,1800.054065
20654.32,3000,1806.026484
41227.68,1760,1809.192458
20340.123,1545,1810.688076
30933.34,1876,1813.952827
30625.918,2139,1817.478848
30802.584,1797,1820.878631
20314.902,1524,1824.019639
30546.104,1646,1827.154455
20130.15,1037,1828.132926
20253.041,1333,1831.056243
30592.588,1288,1833.81043
30504.582,1491,1835.175302
30807.293,1766,1838.406885
41081.086,1576,1841.518733
20317.264,1763,1844.782294
9988.754,1404,1846.103205
41342.484,2263,1851.433262
30814.32,1464,1852.760839
20241.51,1176,1855.457937
41306.008,2090,1859.074951
20333.715,1402,1862.107999
41068.164,1828,1863.797031
20315.951,1631,1866.897828
30538.773,1408,1869.856838
30769.088,1440,1872.971717
31219.338,3000,1877.352382
20300.121,1545,1880.602766
20319.56,1488,1883.568361
20724.316,3000,1887.912868
30849.229,1966,1891.330063
30610.836,1619,1894.456087
20308.12,1340,1895.736115
30728.754,1917,1899.18422
30813.479,1889,1902.513376
41433.344,1790,1905.670886
30812.133,1752,1908.922046
30723.143,1854,1912.511945
20241.385,1164,1915.208806
20338.877,1418,1916.531494
30761.707,2220,1920.397559
41140.01,2505,1926.147604
30738.03,1843,1927.86996
30895.207,2067,1931.521666
20120.002,1022,1934.165736
41054.23,1905,1937.581174
41230.86,2106,1941.33092
30784.006,1431,1944.366454
41252.465,2229,1948.164963
30810.826,1618,1949.723571
20471.816,1719,1953.009897
30630.848,1619,1956.13314
30684.36,1466,1959.168762
41371.152,2076,1962.851458
41224.844,1973,1966.37036
31339.332,3000,1970.893114
30765.74,2120,1974.55524
30929.682,2013,1977.985988
20319.494,1482,1981.065686
41442.203,2731,1985.222125
41456.477,2671,1991.013961
31039.074,2460,1995.086792
30716.037,1640,1998.282664
30852.125,1751,1999.975458
41394.367,2439,2005.605011
30850.62,2109,2009.347533
30679.473,1478,2010.708746
9966.533,1178,2013.455637
31020.887,2135,2017.078521
30466.717,1197,2019.898997
30765.707,1606,2021.403023
30974.912,2036,2025.074164
30790.35,1569,2028.2179
30619.582,1490,2031.255787
30759.197,1962,2034.682837
20250.986,1124,2035.726868
30715.594,1594,2038.888004
41091.863,1671,2042.112375
30791.035,1639,2045.311023
30692.375,1264,2046.636503
20235.748,1097,2049.368861
41492.93,2277,2053.20106
41334.367,3000,2059.336215
31149.332,3000,2064.089196
20294.506,1483,2067.155869
30893.143,2367,2071.083828
41059.67,1996,2074.696739
41312.63,2261,2078.433959
20294.027,1434,2081.504041
41257.984,2836,2085.832598
30893.734,1916,2089.952096
30879.021,1945,2093.516901
41154.637,1954,2097.073429
30613.227,1352,2100.168747
31159.334,3000,2104.705394
20193.951,1422,2107.830314
30714.39,1983,2111.763794
30564.438,964,2112.866971
20286.797,1717,2116.259715
41235.715,2092,2120.271685
20266.732,2735,2124.606923
20183.355,1365,2127.485183
30794.936,2038,2131.159845
30863.121,2364,2134.977069
41137.555,2288,2138.706053
41173.86,2413,2142.627702
30675.451,1580,2145.711252
31004.326,3000,2151.703663
41122.6,1761,2155.001421
20113.959,915,2155.870423
30654.193,1450,2158.795791
30624.361,1468,2160.229943
30705.932,1629,2163.430864
41250.266,1499,2166.581076
41258.496,1843,2170.037777
30632.607,1289,2171.264139
30809.2,1452,2174.237295
41474.65,3000,2180.401856
20362.605,1288,2181.620582
20277.562,1284,2184.455048
30721.156,2164,2188.087746
30851.941,2244,2191.85762
30601.86,1212,2194.58424
30827.572,1796,2197.883891
41150.77,2101,2201.429803
30866.182,2166,2204.990165
30743.27,1356,2206.249514
30819.314,1975,2209.766972
30877.547,1795,2213.070513
30605.002,2046,2216.580665
41422.83,2282,2220.298622
30674.305,1462,2223.346178
20272.236,1250,2226.13072
30676.305,1666,2227.728716
41393.008,2292,2231.55849
30841.67,1704,2234.76896
41250.32,2010,2238.216123
30878.625,1905,2241.758728
41022.234,1712,2244.955396
41182.09,2207,2248.599082
41197.203,2742,2252.819949
9967.707,1298,2255.646692
41251.04,2093,2259.336992
20429.457,2490,2263.557825
41025.633,1565,2266.922473
20304.943,1527,2270.025179
41168.625,1874,2273.445546
30723.453,2910,2277.700387
30676.824,1720,2281.105525
41106.6,2171,2284.800711
20180.46,1068,2287.391916
20352.857,2337,2291.212039
30749.848,1517,2292.637915
20124.332,953,2295.073159
20359.846,1516,2298.058198
30806.045,2152,2301.76698
30643.373,1367,2303.087951
30802.717,2323,2308.490036
30665.068,1541,2310.012363
30698.438,1886,2313.373463
30703.855,1416,2316.374084
30751.06,1642,2319.649071
41151.293,2110,2323.243531
41589.96,3000,2327.641956
30818.953,1938,2331.900528
30472.941,1322,2334.741527
30830.861,1621,2337.948878
20176.283,1152,2339.035353
30544.354,1466,2342.08955
2382054.2,3000,2346.431938
41215.246,2533,2352.179222
41327.742,2802,2356.399994
30933.607,1903,2359.887612
41312.934,1779,2363.239515
30765.85,1620,2366.408164
20334.346,1467,2367.797298
30818.264,1868,2371.191852
41107.703,1768,2374.440015
20309.166,934,2375.337654
41611.777,2620,2380.894707
30496.635,1189,2381.982684
31279.33,3000,2388.01351
20313.066,1335,2389.29936
30841.598,2208,2394.651891
41470.508,2522,2398.501975
30785.842,1619,2401.596012
41098.72,2374,2405.394693
30822.158,1754,2408.581591
20261.451,1169,2409.720076
30616.11,1646,2412.887493
30545.834,2129,2416.417204
30807.885,1829,2419.705
30696.361,1671,2422.874903
30708.217,1349,2424.109006
30686.66,2216,2427.882416
30736.059,1642,2431.294077
30837.367,2288,2435.12439
41181.55,2175,2438.874951
30779.184,1451,2441.872058
20330.568,1590,2444.950008
40944.727,1486,2447.969881
30941.184,1652,2449.603303
41146.125,2118,2453.369828
30834.168,1959,2456.803248
30878.312,1870,2460.101504
41181.58,2174,2463.630272
30704.082,1951,2467.144363
30842.076,2258,2471.001298
30929.072,1951,2474.330585
20139.805,1001,2476.75572
41358.035,2315,2480.496493
20491.35,2183,2484.057109
30773.049,1333,2486.826627
20277.758,1304,2488.011126
30785.666,1601,2491.124388
30580.697,1605,2494.18691
30785.271,2584,2498.15267
30756.965,1734,2501.521566
30666.758,1713,2504.632584
30537.97,1325,2507.466691
41048.25,1826,2509.147337
41054.773,2004,2512.562875
41195.184,1997,2516.035742
30654.486,1481,2518.994916
30888.188,1860,2522.351974
41177.535,1736,2525.585273
41383.496,2353,2529.437195
41143.508,1852,2532.79296
41146.363,2137,2536.439847
41361.156,2618,2540.530112
30752.139,1752,2543.80709
41255.918,2080,2547.362921
30564.588,1490,2550.494151
41328.05,2813,2554.793475
30729.068,1438,2557.756408
41344.46,1917,2561.174996
30835.969,2143,2564.776973
41356.95,2164,2568.33696
30810.74,1609,2571.467785
41574.746,1933,2575.293688
41204.547,1944,2578.654104
30633.8,1410,2579.989784
20371.916,1218,2582.652523
41092.633,1769,2585.865406
41181.47,2157,2589.471557
41330.934,2083,2593.204562
30749.889,1521,2596.379301
30603.676,1397,2597.749004
41408.832,2900,2603.8529
41344.1,2918,2608.272721
30565.1,1543,2611.417116
30728.762,1406,2614.411943
41036.746,1696,2616.013499
41202.48,1714,2619.214601
30783.035,1844,2622.583613
30726.11,1647,2625.617279
41376.086,2613,2629.765636
41357.93,1766,2633.017552
41032.15,1722,2636.14231
30937.496,1789,2639.436109
41322.957,2309,2643.214054
30744.307,1461,2646.134993
30526.805,1718,2647.747762
41308.902,1882,2651.144779
41236.49,2142,2654.666244
41253.156,1815,2657.953127
30582.113,1237,2660.757455
41558.21,2261,2664.481632
30660.535,1588,2667.481612
41026.652,2698,2671.75093
41449.082,2377,2675.551623
41197.312,1701,2678.729695
30849.398,1981,2682.208645
30492.857,1826,2685.524822
30801.496,2199,2689.177229
7221949.0,3000,2693.853928
30783.887,1419,2696.774294
41320.855,2067,2700.385516
41182.61,1743,2703.540028
20293.93,1424,2706.534501
30809.27,1970,2710.030113
30601.62,1187,2711.092532
41119.996,2007,2714.512048
41141.07,2100,2718.131613
30635.834,1617,2721.275899
41334.176,2429,2725.085146
30682.773,1305,2727.921698
41239.223,2435,2731.852424
41322.207,2200,2735.443411
41178.61,1863,2738.695975
30777.707,1810,2741.95251
41114.496,1410,2744.792645
41170.844,2079,2748.287771
41261.344,2136,2751.886193
41377.117,2178,2755.486348
30813.264,1868,2758.934335
8221933.5,3000,2763.535739
30749.117,1442,2766.588788
30640.602,1595,2769.748496
30707.629,1291,2770.968144
30681.496,1176,2773.766261
41147.58,2294,2777.485476
41392.332,2211,2781.177176
41162.17,1710,2784.301373
41330.062,1988,2787.772482
41192.074,2235,2791.502698
30495.787,1102,2792.550987
30739.809,2024,2796.139539
30809.74,2019,2799.652889
41384.82,2484,2805.063996
41213.766,1856,2808.419856
20287.87,1314,2809.660213
41185.54,2063,2813.199465
41324.58,1926,2817.325483
9964.149,1438,2820.511909
41143.258,1813,2823.887915
41118.883,1872,2827.274761
41239.957,1981,2830.745511
41178.68,1884,2834.073195
41254.676,1952,2835.876533
41469.074,2897,2841.827359
30791.775,1715,2845.090486
41308.51,1833,2848.538409
41163.137,1814,2852.127136
30833.3,1872,2854.010288
41280.19,2545,2859.687702
41424.91,1968,2863.170514
30771.75,1712,2864.787516
41597.008,2664,2870.479182
30802.041,1230,2871.602397
8801943.0,3000,2877.619981
30783.791,1409,2880.765105
30632.082,2258,2884.744358
41158.426,1822,2888.144804
41347.164,2186,2892.103043
41190.47,2030,2895.697919
41459.6,1914,2899.21663
41152.25,2220,2903.09658
41442.64,2252,2906.853237
41276.547,2149,2910.645301
41334.504,1936,2914.259803
41347.836,2297,2918.026561
30712.402,1779,2921.395745
30748.783,1408,2922.702884
41198.562,1829,2926.060072
20287.963,1325,2929.000714
41249.574,1973,2932.647955
41260.48,2559,2937.613836
30791.51,1686,2941.182171
30591.887,1214,2944.197507
41066.36,1649,2945.895033
41360.082,2517,2951.959517
30645.568,1591,2953.504166
30881.09,2156,2957.159072
20308.76,1406,2960.369584
41228.41,1835,2963.90781
30686.418,1677,2967.252681
20351.947,1734,2970.757646
41434.95,1966,2974.380911
30657.438,1783,2976.050539
41085.06,2001,2979.621385
30851.873,1725,2982.839514
41238.992,1875,2986.291034
41194.168,1927,2989.735891
41282.984,1761,2993.055803
41365.18,2004,2996.479595
30919.072,1950,2999.958284
30673.086,1848,3003.329377
40962.133,1701,3006.560772
41307.504,2247,3010.389119
41251.29,1604,3013.479637
30700.064,1540,3014.902324
41274.316,1918,3018.255106
41198.855,1888,3021.794631
41070.156,1499,3024.903125
41106.56,1646,3028.035673
41369.387,1909,3031.596719
41123.504,1850,3035.065312
41208.582,1845,3036.856085
41486.72,2665,3042.833938
20323.102,1338,3044.128533
41236.707,2172,3047.917969
41156.32,2139,3053.415752
41098.625,1860,3055.259705
41450.125,1952,3058.865434
41161.215,1628,3062.10494
41129.453,2480,3066.106004
41341.832,2170,3069.824843
41356.707,2179,3075.277546
41229.023,1868,3077.038295
30731.203,1655,3080.322846
41554.793,2448,3084.450409
41352.918,2287,3089.885719
41284.066,1892,3091.744253
30613.678,1398,3094.785207
30794.484,1481,3097.763927
41381.42,2117,3101.502153
30623.45,1375,3104.369059
41318.01,1768,3106.04372
30827.307,1769,3109.252726
30829.725,2017,3112.72899
30808.783,1918,3116.106935
30725.16,1549,3119.200397
41216.047,1587,3122.339655
30721.139,1649,3125.561738
41317.188,2222,3129.37813
30571.852,1211,3130.524091
30827.229,1760,3133.899117
41480.41,1997,3137.334558
41502.348,2208,3141.07848
41336.746,2180,3144.811861
41026.32,1633,3147.935128
41350.836,2036,3151.525545
41178.504,1848,3155.112602
41191.656,1647,3158.331359
30794.906,1523,3159.819965
41407.34,1711,3163.12888
41204.535,1944,3166.530498
41397.89,2266,3170.304236
41128.008,1805,3173.583204
41117.617,2275,3177.615409
30882.602,1288,3180.626178
41294.77,1957,3184.106616
31269.336,3000,3188.550871
30962.477,1786,3191.950002
30824.271,1459,3195.011175
30774.424,1474,3198.056669
41288.58,2344,3201.952195
41338.74,2365,3205.750212
20352.193,1246,3208.490151
41369.56,1891,3211.865886
41381.844,2171,3215.540617
41324.3,1925,3218.965463
41138.21,1809,3220.693914
41405.83,2053,3224.263012
41449.004,2380,3229.754945
41229.324,1921,3233.209264
41069.61,1969,3235.115167
41157.426,1737,3238.356162
2052109.6,3000,3244.524387
41466.793,2155,3248.121675
41148.805,2406,3252.188653
41257.48,1723,3255.468149
41156.21,2109,3259.168521
41203.633,2388,3263.147416
20450.385,1572,3266.274339
41149.68,1962,3269.842957
41268.85,2373,3273.905147
30777.42,1781,3277.455008
41262.406,1716,3280.766124
41111.14,2125,3284.42323
41393.23,1794,3287.702271
30493.885,1419,3289.004679
41223.65,2387,3292.891279
30827.768,1817,3296.121778
20281.309,1156,3299.181437
30884.854,2030,3302.696191
41551.926,2105,3306.393529
30998.686,1911,3309.943925
30896.336,1669,3313.202415
41066.19,1605,3314.698076
41199.926,1976,3318.206648
41268.35,2341,3324.188219
41428.832,2358,3328.083605
30758.285,1358,3329.440504
41279.71,1968,3333.274548
20383.59,1389,3336.32496
41187.492,1712,3339.873952
41534.73,3000,3344.534649
3282042.8,3000,3350.841728
41312.773,2265,3354.791506
41380.64,2052,3358.344977
41204.72,1973,3361.853141
13371833.0,3000,3366.247481
41229.535,1963,3369.792562
30865.705,1604,3372.965398
30865.066,2052,3376.503551
41464.72,2444,3380.464419
41078.473,1843,3383.861805
2861978.8,3000,3390.714856
41359.555,1909,3394.369725
41335.793,2073,3398.172202
30646.535,1690,3399.897668
41174.754,1992,3403.513563
41267.305,1711,3406.875861
41321.55,2157,3410.677824
41314.957,1999,3414.264731
30607.514,1278,3417.068656
30881.887,2240,3421.502234
41526.723,2124,3425.178566
3641977.5,3000,3429.640626
30808.314,1873,3433.307667
41065.902,1595,3436.695551
30770.105,1544,3439.903666
41105.62,1550,3443.242303
41257.54,2252,3447.089874
41315.42,2023,3450.851251
41378.25,1786,3454.255206
30498.482,1377,3455.552609
30717.404,1268,3458.399367
41108.082,1813,3461.850421
8831893.0,3000,3466.3234
40974.465,1438,3469.283386
41166.99,1695,3472.525057
5321916.0,3000,3476.976464
30565.588,1082,3479.766229
41262.414,1718,3483.016385
41321.31,2133,3486.830918
41261.727,2192,3490.680872
41499.457,1892,3494.122979
41390.234,1989,3497.592124
41279.12,1871,3499.466341
41089.15,1899,3502.926852
41411.164,2086,3506.487777
41441.8,2163,3510.227475
41298.926,1882,3513.764288
30508.115,1341,3516.887663
41279.797,1947,3520.462052
41181.676,2201,3524.170065
41391.16,2071,3527.816984
41137.258,1711,3531.084409
41248.625,2398,3534.945849
41311.266,2127,3538.979562
41408.504,2345,3543.409793
30668.457,1377,3546.561186
41023.05,1815,3550.153564
41302.902,1749,3553.729208
30875.227,1556,3555.194085
30813.066,1847,3558.55975
41398.754,2374,3564.112245
41429.31,2399,3568.004555
41092.805,1769,3571.443423
41541.258,2098,3574.998542
41308.934,1881,3576.77857
41243.047,1795,3580.141944
7711953.5,3000,3586.142196
30878.713,1913,3589.638474
41394.195,2395,3593.648626
41688.832,2324,3597.489498
30816.703,2219,3601.341918
41471.586,2123,3604.987283
41419.75,2479,3609.191404
9941897.0,3000,3616.119953
41466.477,2060,3620.000107
30799.566,1489,3623.224371
41896.105,3000,3627.804293
41164.695,1957,3631.663274
41133.344,1825,3635.460509
41447.39,1680,3639.006486
30723.926,1423,3640.519816
30687.797,1819,3644.316052
30739.588,1491,3647.490484
30608.072,1336,3650.546308
41273.36,2350,3654.636589
30826.912,1729,3658.057202
41379.99,1981,3662.117527
20284.836,1005,3663.247787
41255.605,2036,3667.037476
41619.793,3000,3673.681203
41288.934,1878,3677.571533
30736.617,1699,3679.382795
30887.38,1264,3682.990124
1941989.5,3000,3687.735164
41377.3,1673,3691.20977
41211.355,2137,3695.216796
41527.688,2216,3699.146933
41224.387,1919,3702.947434
41189.47,1965,3706.688206
40986.68,1687,3710.000863
41357.434,2219,3714.062639
40944.98,1490,3717.359091
41140.715,2099,3721.429469
41555.21,2465,3725.872363
41140.19,2018,3729.70305
30749.744,1507,3732.864628
41170.758,2096,3736.634603
30686.52,1177,3737.757154
41047.605,1778,3741.206174
41344.58,1951,3744.825423
41283.016,1785,3748.409764
41101.547,1645,3751.772423
41476.02,2033,3755.481152
30762.16,1242,3758.264257
41374.176,1846,3760.08262
30795.299,1564,3763.180108
41190.53,2055,3766.947548
41031.562,1642,3770.331279
41271.055,2086,3774.166296
41271.035,2099,3777.969069
41244.2,1903,3782.178211
30779.803,1513,3785.345098
30570.19,1040,3786.316796
41399.98,1963,3789.937575
41171.99,2191,3793.797657
41213.473,1810,3797.147603
41165.684,1552,3800.33872
41331.43,2140,3804.236713
41439.03,2377,3808.325984
30785.385,1573,3811.570896
30535.424,1577,3814.745666
41163.703,1864,3818.197153
20368.479,1377,3819.561824
41247.16,1701,3822.869298
30550.088,1030,3825.461763
41404.523,1882,3827.257153
41223.746,1849,3830.715177
41390.08,1980,3834.256968
30711.91,1728,3837.521992
30841.148,1650,3840.781893
41275.438,2021,3844.413354
41510.85,2009,3847.977843
41315.793,2056,3851.669769
41409.312,1908,3855.204263
41089.95,1496,3858.335822
41396.047,2061,3862.112983
41316.715,2167,3865.998936
41247.73,1756,3869.3211
41343.656,2357,3873.223771
41469.617,1920,3876.728145
41210.51,1529,3878.215228
41258.617,1806,3881.624988
41331.06,2101,3885.177466
41085.9,1593,3888.239249
41369.78,1951,3891.826075
41204.34,1932,3895.287001
4711927.0,3000,3899.81664
30942.86,1824,3904.278527
41495.3,1979,3907.728538
41384.484,1907,3911.33637
30840.344,1568,3914.627439
41497.05,2164,3918.395126
41328.945,1862,3921.933743
41118.785,1354,3924.862549
30682.666,1293,3926.076152
41253.492,1847,3929.656135
41478.203,1772,3933.060993
41421.97,2175,3936.819913
41102.242,1738,3940.390967
41422.625,2217,3944.377876
41453.977,1857,3947.798084
30616.826,1721,3951.169285
30621.254,1150,3952.266682
41215.645,2584,3957.935942
41298.887,1872,3961.478566
41204.668,1973,3963.361804
41255.13,2017,3966.939113
41153.91,1882,3970.583212
41385.758,2061,3974.224917
41131.023,2090,3977.791513
41354.723,1957,3981.224293
41154.12,1903,3984.626971
30663.875,1418,3987.706046
30660.344,1058,3988.756527
41306.44,2133,3994.707025
30832.695,1809,3996.489446
41111.203,1612,3999.799419
41404.504,2454,4003.876946
41407.824,1749,4007.546006
41450.844,2557,4013.730172
41032.508,1775,4015.396352
41344.375,1909,4019.15003
40997.145,1698,4022.970027
41349.77,1946,4026.547922
41404.34,1882,4030.05952
20306.129,1647,4033.637013
41257.19,2223,4037.439971
30815.469,1581,4040.698167
41140.336,2047,4044.552505
41319.03,1881,4048.020489
41076.504,1645,4049.652274
41142.547,1747,4052.887097
41395.676,2014,4056.563723
41376.793,1634,4059.781877
41445.223,1976,4063.23342
41159.17,1930,4066.600965
41155.227,1499,4069.71849
41299.11,1892,4073.105797
41287.57,1741,4074.731607
30727.871,1316,4077.600224
41399.883,1912,4081.086841
41448.75,2346,4084.86806
41273.816,1879,4088.179683
41297.5,1728,4091.547966
41474.17,1869,4094.902041
41425.258,2009,4098.431204
41167.656,1773,4101.764386
41350.85,2082,4105.382189
41187.688,1772,4108.715818
41119.195,1929,4110.584075
41289.39,1943,4114.083082
41146.137,1589,4117.11226
41236.84,2185,4120.823377
41284.07,2404,4124.801636
41259.965,1471,4127.851795
30647.951,1323,4130.790304
41306.344,1602,4134.00952
41121.81,1651,4135.585448
41111.887,1696,4138.881478
41163.42,1833,4142.361645
41235.777,2092,4146.526926
41267.5,1727,4150.006034
41338.758,1843,4153.504297
7721919.0,3000,4157.974504
41323.406,1815,4161.464448
41103.934,1887,4164.856367
30906.732,1710,4168.067231
41476.11,2049,4171.702815
41336.387,2127,4175.51644
41296.6,1618,4178.682079
41154.816,1480,4181.735706
41123.65,1865,4183.542395
41228.75,1841,4186.89039
41502.9,2218,4190.731364
41168.58,1856,4194.110644
41162.367,1728,4197.525458
41264.32,1923,4201.260637
41199.67,1429,4204.324947
41055.035,1500,4207.426905
30828.016,1842,4209.184066
41331.086,1563,4212.421973
41343.75,1836,4215.881803
41265.004,1459,4218.894852
41194.56,1928,4222.3763
41242.527,2240,4226.089872
30703.758,1406,4229.179069
41553.086,2232,4233.088675
41342.145,2225,4236.941669
41276.855,1655,4240.239056
41271.207,2096,4243.994044
41132.93,1799,4245.915795
41139.246,1939,4249.450703
41136.92,1672,4252.726054
30783.871,1418,4255.794668
41386.805,2181,4259.641875
10461856.0,3000,4264.542946
41121.082,1584,4267.744195
41146.965,1702,4271.031058
41190.496,2051,4274.677962
41304.484,1929,4278.134912
41158.297,1838,4281.556763
41243.055,1789,4284.857566
8421933.0,3000,4289.384039
41158.36,1834,4292.742852
41167.613,1732,4296.054268
41201.145,1570,4299.241803
41263.008,1808,4302.722566
41079.457,1428,4304.054843
30820.355,1571,4307.313458
41217.41,1734,4310.738418
30423.701,889,4311.608667
41152.996,1770,4314.976749
41074.277,1420,4317.990558
30716.54,1178,4319.08097
41363.375,1820,4322.585429
41289.285,1923,4326.064435
41333.04,2283,4329.878953
41289.95,1989,4333.527045
41126.16,1622,4336.711668
41195.53,2060,4340.596523
41330.38,2030,4344.352367
41231.945,1675,4347.615021
41226.426,1616,4350.824161
41126.332,1637,4354.051774
41320.477,2004,4357.59479
41298.668,1836,4359.393428
30765.646,1599,4362.633671
41115.953,1596,4365.76426
30748.203,1860,4369.245003
30795.389,1572,4372.649152
30787.037,1741,4376.091991
30729.291,1460,4377.5066
30764.588,1491,4380.885226
41248.58,1848,4384.265706
30931.686,1706,4387.921022
41464.605,1904,4391.533596
41196.66,1677,4393.125573
30866.26,1662,4396.33689
41165.0,1491,4399.399863
41212.797,1771,4402.991419
10021922.0,3000,4407.765769
20172.46,1273,4410.691898
30718.004,1329,4414.046727
30614.59,980,4415.011505
30855.928,2653,4419.353774
41117.566,1767,4422.925889
30519.898,1522,4426.129
41374.727,1954,4429.736745
41153.72,1881,4433.369055
41236.117,1602,4436.594132
41203.07,2317,4440.654774
30834.057,1437,4442.045639
5711940.5,3000,4448.328253
41142.027,1699,4451.811705
41612.297,2143,4455.622178
41326.242,2111,4459.389285
30769.723,1505,4462.541047
7451964.0,3000,4467.079227
41409.27,1904,4470.593112
30885.785,1613,4473.79106
41429.52,1901,4477.244572
41184.8,1962,4480.835247
41259.73,1919,4484.658066
41205.99,1569,4486.241032
41222.062,1695,4489.760092
30793.682,1398,4492.980393
41106.707,1665,4496.279937
41307.555,1716,4499.702018
41110.62,2064,4503.457349
41288.06,1799,4505.468234
41375.89,2085,4509.489716
20282.549,1283,4512.466747
41394.754,2457,4516.500936
41483.29,2294,4520.474602
30591.47,1172,4523.320568
41412.914,2266,4527.053095
41165.918,1589,4530.362195
40970.41,1555,4533.535961
41127.812,1785,4535.261715
41162.176,1706,4538.533447
41279.887,1996,4542.142245
41267.23,2222,4545.882871
41207.797,1763,4549.250046
41287.695,1742,4552.862789
30748.598,1388,4556.030607
41126.344,1619,4559.360592
41054.918,1999,4563.111305
41115.57,1544,4564.570078
41298.81,1861,4567.993853
10881896.0,3000,4574.601255
30611.977,1224,4575.800644
41078.84,1371,4578.703055
41149.984,1488,4581.856175
41092.01,1708,4583.547072
41125.797,1568,4586.903997
41134.11,1909,4590.584396
41204.746,2499,4594.803811
41230.34,2019,4598.698948
41064.555,1452,4601.991905
30717.44,1782,4605.607723
41477.66,1706,4609.372422
30858.115,1853,4613.187777
41075.496,1540,4614.741332
41614.977,1907,4618.362541
41168.516,1852,4621.997015
41277.523,2264,4626.23445
30774.855,1518,4629.572664
41128.633,1866,4633.087085
41020.773,1563,4636.217067
41273.586,1842,4639.669482
41136.457,1636,4643.011663
41301.586,2167,4646.726902
41146.727,1689,4648.334802
30659.854,1006,4651.014875
30597.799,1308,4653.934425
41269.63,1909,4655.892256
41313.453,1805,4659.288586
41129.383,1951,4662.865694
41199.004,1874,4666.362259
41200.895,1583,4669.644481
41122.74,1777,4673.086184
41308.98,1844,4676.52354
41296.81,1638,4679.863676
20330.146,1548,4681.468215
30812.152,1241,4684.452129
41500.895,2030,4688.33219
13421798.0,3000,4693.485199
41130.59,2057,4697.329985
41371.715,1648,4700.993859
41183.21,1814,4704.553824
41324.26,1899,4708.087372
41324.254,1867,4711.701152
30763.643,1906,4715.260421
30796.44,1681,4718.584251
41156.062,1585,4720.202038
41303.31,1815,4723.686401
41083.496,1330,4726.689554
41633.555,2303,4730.707526
41401.406,2128,4734.403649
41182.465,1737,4737.802386
41260.52,1522,4740.950491
41178.06,1793,4744.435741
41230.938,1564,4745.901042
41148.773,1877,4749.608726
41219.938,1471,4752.797725
41326.418,1615,4756.125963
41195.695,1560,4759.286631
41241.348,1614,4760.848786
41104.56,1459,4764.043381
41209.617,1952,4767.770417
41396.082,2106,4771.615749
30680.172,1039,4774.199486
41264.984,2004,4776.095088
8471919.0,3000,4782.111412
41273.93,1866,4785.517684
41187.54,1737,4788.797693
41236.117,1603,4792.031151
30576.621,1187,4793.148056
41369.895,1956,4796.529785
41196.91,1679,4799.786693
41322.074,1674,4803.110301
30913.756,1917,4806.782392
30560.61,1597,4808.428075
41275.965,2101,4812.454748
41521.953,2155,4816.33423
41028.656,1365,4819.587067
30775.229,1557,4823.17399
41309.223,1903,4826.974546
41339.04,1877,4830.591892
8121933.0,3000,4835.207405
41327.11,1685,4838.494459
41148.652,1834,4841.985588
41388.11,2315,4845.996296
41296.617,1599,4849.297719
41261.9,1667,4852.534447
30706.598,1185,4853.692999
30732.67,1294,4856.580687
41355.74,2053,4860.212864
41437.918,1737,4863.476135
41071.887,1695,4866.805016
41147.484,1758,4869.018118
41089.48,1454,4872.053555
40948.64,1358,4875.184844
41177.066,1713,4878.490857
41440.31,1999,4882.04371
41055.23,1519,4883.563474
41143.21,1827,4886.9671
41239.14,1884,4890.45389
41293.945,1873,4893.839765
41302.883,1757,4897.27602
41329.117,1889,4900.811693
41515.875,2011,4904.303558
41063.56,1347,4905.563681
41243.375,1831,4908.839808
41429.88,1948,4912.335032
41434.105,1857,4915.673501
7551858.5,3000,4921.956368
30743.371,1366,4923.252106
41074.625,1459,4926.273985
41176.285,1628,4929.42933
41272.49,1703,4932.685218
4101962.2,3000,4937.092458
41198.902,1891,4940.659161
41065.938,1595,4943.867201
41292.953,1765,4947.226514
41318.79,1853,4950.713283
30795.559,1591,4952.222641
30706.83,1210,4954.975389
40960.29,1549,4958.057982
41365.383,2004,4961.58735
30828.152,1855,4964.95942
30815.812,1616,4966.468481
41295.57,2060,4970.083664
41272.562,1739,4973.220641
41344.65,1950,4976.610862
41320.2,1983,4980.07248
41610.984,2009,4983.554024
41095.152,1490,4986.583898
41240.4,1530,4990.624029
41136.66,1669,4992.307185
41292.754,1770,4995.621109
41225.45,1516,4998.712928
41208.027,1788,5002.185428
30710.27,1560,5005.348268
41106.49,1641,5008.808371
41224.633,1429,5010.225364
30748.518,1381,5013.598285
41428.023,1738,5017.0772
41096.17,1613,5020.363182
41407.03,2172,5023.977302
30697.812,1309,5025.161604
41207.31,1712,5028.313475
41309.207,1910,5031.847561
41515.312,1944,5035.260824
41267.617,1712,5038.482058
41265.805,1549,5041.518336
30733.932,1423,5042.867834
41323.312,1809,5046.085351
30560.25,2071,5049.727217
41416.867,2680,5053.796036
41159.08,1912,5057.175367
30864.648,2009,5060.755786
7291829.5,3000,5066.791776
30590.775,1102,5067.785642
30826.58,1695,5071.035899
41397.355,1701,5074.297146
41156.41,1624,5077.39589
41489.73,1912,5080.796178
30733.578,1387,5082.087557
41334.668,2491,5087.534832
41284.33,1908,5091.049509
41214.996,1478,5092.423041
41325.703,2064,5095.943367
9421887.0,3000,5102.161939
30674.896,1523,5103.622801
41280.945,1555,5106.721452
30896.477,1684,5110.016727
41252.445,1706,5113.612445
41218.137,1807,5117.014651
41289.68,1425,5118.408056
41161.07,1607,5121.6437
41125.426,1536,5124.746208
41470.426,2008,5128.358581
41469.668,1951,5131.944376
41081.344,1638,5135.13788
41381.69,2143,5138.852614
41307.543,1725,5142.147226
41376.023,2085,5145.75405
41511.453,2088,5149.394974
41172.49,1737,5152.724955
30782.516,1278,5153.922164
41366.203,2103,5157.668947
41236.48,1633,5160.928587
41291.105,2108,5164.80284
41053.28,1836,5168.322116
41027.625,1759,5171.812886
41250.984,1581,5175.044168
41105.703,1561,5176.500909
30822.945,1323,5179.946017
30671.844,1210,5183.905399
41062.16,1724,5185.608366
41198.37,1821,5189.122072
30747.64,1291,5192.094529
30772.82,1310,5195.072469
41201.88,1671,5196.689274
30721.16,1140,5199.548122
41393.875,2348,5203.571159
41450.61,2022,5207.331259
30713.527,1382,5210.602142
41098.164,1306,5212.0733
41077.66,1784,5215.779939
41169.203,1908,5219.5562
41141.895,1683,5223.249084
30757.732,1302,5226.191767
41229.66,1947,5229.796291
41282.945,1760,5232.012264
41282.52,1721,5235.426733
41037.477,1233,5238.345844
41343.867,1849,5242.108593
41268.023,1796,5246.07488
30854.277,1459,5247.585765
41347.734,1732,5251.649469
41053.7,1345,5255.422689
41229.99,1977,5259.288093
41096.703,1675,5262.66649
41210.45,2028,5266.337949
41127.37,1734,5267.993736
30565.465,1068,5270.764799
41341.957,1668,5274.341564
41177.41,1727,5277.763191
41342.89,2269,5281.88619
5351961.0,3000,5286.641166
30921.367,1674,5290.092739
41314.895,2502,5294.518891
30793.629,1392,5297.62509
41335.13,1991,5301.458447
41409.07,1870,5305.026847
41183.777,1865,5308.452003
41084.5,1420,5309.872592
30681.66,1191,5312.80352
41137.473,1225,5315.706539
41107.285,1723,5317.329228
30901.28,1663,5320.7193
41172.977,1791,5324.217461
41326.43,1580,5327.347281
41203.24,1788,5330.853413
41317.973,1791,5334.645797
41170.293,1540,5336.111406
41539.305,1862,5339.737889
41277.152,1684,5343.254137
30872.62,1801,5346.779541
41138.793,1867,5350.317375
41304.527,1924,5354.629301
41166.883,1680,5357.974046
30686.557,1181,5359.140471
41272.004,1702,5362.9103
41326.95,1662,5366.425947
41249.594,1949,5370.118969
41259.293,1402,5373.170159
41469.695,1914,5375.035513
41490.902,2020,5378.815061
41106.21,1606,5382.171065
41224.49,1950,5385.813251
41224.492,1951,5389.458818
41085.4,1539,5392.905252
40992.0,1707,5396.343581
40965.207,1539,5397.904876
30633.99,1429,5401.156796
41049.227,1422,5404.248232
9161908.0,3000,5408.830017
30769.03,1433,5412.383694
41233.105,1808,5416.033747
41087.42,1729,5419.582958
41389.734,2471,5423.780035
30519.271,1459,5426.971954
41168.484,1847,5430.580624
41137.895,1264,5431.806251
30649.332,1465,5434.894713
41282.285,1694,5438.168614
41500.598,1998,5441.80479
41146.07,1596,5445.328068
41360.008,1443,5446.771961
30680.975,1121,5449.733367
41192.742,1759,5453.485883
41199.895,1480,5454.872066
41326.33,2126,5458.609923
30791.814,1719,5462.074276
41012.363,1722,5465.589819
30983.898,1932,5469.115678
41202.035,1689,5472.638129
41100.91,1588,5476.010561
7792024.0,3000,5480.916512
41169.613,1446,5484.173743
30763.812,1412,5485.540063
41315.8,2066,5489.228847
41230.92,1570,5492.465897
30904.328,1976,5496.159926
41324.07,1864,5499.802663
41480.348,1995,5503.60098
41243.227,1796,5507.103303
41261.66,1634,5510.473884
41335.81,2071,5514.269548
41440.527,2032,5517.913144
41490.227,1964,5521.569776
41347.22,1695,5525.040094
41409.957,1965,5528.781262
41335.63,2030,5532.610046
41403.617,1821,5534.47795
41227.75,1738,5538.012486
30833.01,1331,5541.156213
41190.816,1574,5544.491479
41372.516,1729,5547.895103
41190.758,1557,5549.475629
41112.67,1772,5553.029197
41218.62,1851,5556.704157
41056.86,2222,5560.698165
41146.54,1652,5564.117307
41046.613,1657,5567.523357
41226.45,1643,5571.016818
41158.223,1804,5573.031234
41225.48,2055,5577.09065
41195.01,2013,5580.926062
30570.908,1115,5583.744202
41215.49,1541,5586.863688
30753.084,1338,5588.134422
30586.297,1665,5591.696534
30734.318,1464,5595.527571
41116.023,1599,5599.177404
30570.934,1116,5600.447787
41158.01,1811,5604.422546
41364.652,2451,5608.662909
30806.064,1642,5612.119206
41241.926,1682,5615.701594
30774.61,1493,5619.035958
7181908.5,3000,5624.177107
30859.541,1999,5627.978535
41355.855,1541,5631.278664
41004.684,1984,5634.987458
30786.375,1163,5636.103884
41120.234,1512,5639.394844
41196.32,1617,5642.766602
20124.611,981,5643.758239
41373.96,1853,5647.297223
30681.201,1144,5650.304787
41123.344,2351,5654.469563
30937.738,1813,5658.156856
41160.94,2115,5662.523266
40954.227,1429,5666.040307
41219.133,1920,5669.811781
30917.193,1757,5671.637244
41470.293,1970,5675.402005
41215.406,1521,5678.463628
41217.09,1699,5681.838011
30781.586,1184,5684.698521
30675.639,1086,5685.727946
41126.613,1654,5688.892974
41163.77,1880,5692.486669
20377.836,1312,5693.751965
41230.516,2066,5697.369109
30700.225,1044,5699.975898
41027.05,1700,5703.276153
41297.29,1712,5706.54176
41314.44,1935,5710.140429
41023.49,1349,5711.457662
41425.043,1986,5715.530617
41263.363,1806,5718.969257
41232.48,1741,5722.373065
9921817.0,3000,5726.831408
41107.375,1733,5730.139833
41003.676,1368,5733.165349
41126.957,1700,5736.420431
30811.164,1653,5739.616549
41172.78,1777,5741.292478
41162.168,1686,5744.598013
41343.21,1790,5747.901715
41088.39,1856,5751.520826
41167.57,1736,5754.848151
41109.375,1949,5758.408589
41430.94,2063,5762.099401
30613.521,1381,5763.447394
41576.1,2066,5767.14194
41207.69,1740,5770.513798
41254.094,1885,5774.109568
41282.184,1691,5777.343218
41146.156,1605,5780.568479
10271866.0,3000,5785.128147
41068.605,1878,5788.672047
30382.688,785,5791.170824
30858.643,1906,5794.678938
41278.96,1883,5796.455839
41084.355,1415,5799.499479
41174.37,1413,5802.665287
20360.195,1041,5803.805735
41272.152,2208,5807.604115
41284.367,1923,5811.153081
41231.527,1643,5814.544152
41365.543,2005,5818.188586
41229.516,1922,5821.730385
30917.771,1817,5825.25018
41159.6,1441,5828.201312
30807.154,1754,5831.616031
41208.3,1833,5833.368093
20164.79,1000,5836.585003
9851912.0,3000,5841.212532
41300.91,2067,5844.938626
41121.707,1671,5848.15381
41544.96,1898,5851.844536
30736.854,1210,5854.729486
41184.797,1987,5858.36781
41251.477,1624,5861.626574
41271.28,1599,5863.166883
41470.68,2031,5866.754739
9321932.0,3000,5873.05559
41220.387,1527,5874.533382
41279.855,1958,5878.081775
41349.496,1895,5881.757639
41167.703,1756,5885.197093
41276.168,1557,5888.493217
41120.098,1474,5891.694423
41246.406,1635,5894.944987
41158.926,1897,5896.776998
41272.53,1743,5900.216839
41257.375,1693,5903.519727
41384.098,1854,5906.979624
41569.93,1932,5910.484914
41256.867,1655,5913.729391
41214.816,1452,5915.128226
41098.684,1876,5918.675241
30717.969,1325,5921.692424
8881983.0,3000,5928.17416
41314.027,1888,5930.133024
41278.242,1797,5933.845851
41191.742,1641,5937.123768
30655.088,1030,5939.889405
41282.855,2265,5943.858067
31169.32,3000,5948.372335
41154.586,1979,5952.023618
41451.543,2109,5956.172438
41537.266,2163,5960.03718
41191.59,1629,5963.352764
41234.63,1944,5966.964586
41518.63,2333,5971.163035
41234.3,1930,5975.029854
41088.95,1407,5978.285855
41149.13,1898,5981.940959
41090.688,1548,5983.583919
41370.746,2037,5987.329526
30550.393,1061,5990.11003
41177.977,1772,5993.768584
41241.305,1613,5997.03639
41369.293,1896,6000.627126
30774.955,1530,6002.142259
41174.777,1460,6005.222903
30769.76,1509,6008.504842
41318.516,1820,6012.056865
41173.81,1360,6013.43079
41314.062,1880,6016.83495
30801.822,1720,6020.195461
41421.74,2128,6024.098852
41378.66,1831,6027.628225
10661856.0,3000,6032.625601
41307.527,1720,6036.126411
41231.992,1651,6039.452753
41106.617,1678,6042.753354
41293.492,1826,6046.294046
41334.152,1883,6049.792588
41211.836,1652,6053.072735
41349.887,1966,6054.956636
41262.098,1690,6058.226155
41117.86,1772,6061.602676
30824.135,1445,6064.649462
41169.05,1389,6067.597946
41166.234,1601,6069.115759
41268.066,1780,6072.915097
41414.293,1906,6077.041587
41168.105,1807,6080.543911
41261.176,1576,6083.714528
41170.35,1517,6086.841714
41443.363,1802,6088.654679
41107.684,1775,6092.227527
41260.62,1535,6095.416362
41277.55,1748,6098.703369
10961846.0,3000,6103.15257
41263.41,1817,6106.490939
41647.926,2198,6110.227463
41197.336,2245,6114.042637
41104.957,1486,6117.042497
41158.016,1795,6120.556135
41293.277,1794,6123.932721
41252.0,1690,6127.231719
41327.766,1730,6130.620447
41377.062,1666,6132.222303
8481923.0,3000,6138.497543
41251.69,2176,6142.379735
41209.93,1474,6145.556546
41369.82,1957,6149.159003
41128.105,1812,6150.916377
41208.5,1835,6154.306547
41086.082,1602,6157.46174
41271.31,1580,6160.726251
41259.297,1926,6164.343854
41065.934,1583,6167.674202
41267.703,1753,6169.41728
30907.68,1808,6173.011796
30757.88,1316,6175.998161
41537.133,2172,6179.81561
30758.107,1340,6182.766567
30896.576,1694,6186.025071
30534.568,978,6186.93508
41267.867,1764,6190.250155
41214.01,1901,6193.718047
41267.32,1714,6197.290038
41238.504,1844,6201.367985
41229.004,1910,6203.29072
41185.082,1986,6206.836823
30676.605,1186,6209.589407
41067.29,1740,6212.915506
41389.453,1901,6216.553348
41376.68,2129,6220.428624
41089.996,1501,6223.550763
41159.543,1972,6227.145473
41160.195,2014,6230.854992
41270.84,2070,6234.612822
40998.31,1326,6235.826669
41086.723,1662,6239.073998
41309.566,1907,6242.54357
41256.395,1604,6245.77722
41129.273,1930,6249.305891
41295.938,1570,6250.832916
30779.29,1460,6254.055351
41116.84,1645,6257.368208
41470.78,2040,6261.208332
30644.809,1003,6262.219543
41196.71,1662,6265.50399
41198.594,1853,6268.84252
41439.85,1949,6272.531191
41224.297,1923,6276.121815
30689.705,1503,6279.231505
41197.996,1787,6282.731396
41258.355,1819,6286.384562
41590.535,2003,6288.426643
30800.53,1586,6291.771592
41152.574,1242,6294.785133
41172.29,1714,6298.33587
41254.008,1888,6301.900569
41346.145,2087,6305.605604
41418.35,1794,6308.99262
41578.285,2227,6313.062766
41148.95,1891,6316.813828
41207.57,1712,6318.505021
30820.7,1605,6322.215737
41213.086,1788,6325.945344
41299.242,1889,6329.648617
30435.865,1110,6330.728362
41318.117,1778,6334.502468
41107.363,1738,6338.005425
41198.87,1862,6341.498109
41248.457,1840,6344.943462
41292.734,1753,6348.221226
41326.918,2188,6352.432929
41037.434,1756,6356.205091
30820.271,1560,6359.766895
41356.707,2163,6363.815044
41268.57,1849,6367.36822
41382.824,1752,6369.046239
41407.63,1704,6372.612137
30791.238,1148,6375.541255
41246.523,1639,6378.806898
41211.875,1684,6380.477086
41538.254,1765,6383.947426
30648.02,1329,6386.909976
41130.08,1485,6390.254142
30830.25,1557,6391.761108
41091.58,1665,6395.000195
41267.363,1736,6398.415995
41364.312,1906,6402.102544
41144.055,1905,6405.774244
41246.48,1611,6409.234924
30624.684,1501,6410.77046
30806.709,1197,6413.919655
41286.363,2137,6418.036161
41080.152,1519,6421.441437
41117.03,1704,6425.237415
41303.438,1806,6427.042966
40955.76,1568,6430.269495
41443.62,1798,6433.793667
41298.83,1863,6437.258445
41361.668,1615,6441.203022
41206.62,1648,6444.786689
41221.973,1668,6446.491945
30767.943,1322,6449.578558
41163.887,1902,6453.243901
41398.363,1786,6456.715476
41267.145,1684,6460.463752
41045.89,1584,6464.007354
41010.473,1548,6465.607542
41435.777,2047,6469.686792
41373.324,1807,6473.736117
7681979.0,3000,6480.258972
41205.027,1470,6481.775805
41219.03,1887,6485.528174
41274.64,1928,6489.040366
41403.582,1831,6492.590794
41111.363,1635,6495.843525
41212.574,1749,6499.35153
30711.092,1133,6500.47238
30874.26,1968,6504.204173
41141.285,2140,6508.05414
30774.992,1533,6511.318224
41307.863,2287,6515.266527
41132.297,1717,6518.641888
41005.816,1592,6521.927168
41215.293,2003,6525.589854
41310.438,2036,6529.292266
41272.062,2175,6533.427489
41106.996,1705,6536.983459
41335.043,2538,6541.629519
41148.113,1807,6545.162108
41250.297,2033,6548.796507
41385.195,2008,6552.642807
41241.04,1576,6555.840328
41345.184,1975,6557.796177
41241.035,1597,6562.112133
41214.062,1887,6566.059234
41012.27,1747,6569.848531
41178.395,1838,6573.873766
40959.016,1421,6577.229874
30692.098,1236,6578.465529
30666.135,1138,6581.516525
41215.203,1514,6584.900496
41277.703,1746,6586.638833
41054.895,1479,6590.11541
41189.367,1933,6593.751723
41400.043,1987,6597.505773
41161.805,1650,6600.964382
41157.79,1788,6604.508116
41209.035,1865,6608.377727
41208.11,1815,6610.379887
41141.848,1659,6614.219311
41115.94,1597,6617.741245
41187.414,1727,6621.633745
41356.723,1625,6625.155083
41221.418,1632,6626.764852
41202.832,1780,6630.368298
41195.047,1999,6634.260368
30763.928,1423,6637.2895
40981.21,1631,6640.58513
30702.17,1243,6641.86676
30837.98,1838,6645.623888
41023.05,1306,6648.61789
41433.71,1828,6652.074022
41086.215,1616,6655.383754
41120.074,1503,6656.883108
41132.0,1686,6660.482147
41145.2,1515,6663.775867
41213.973,1862,6667.288177
41002.082,1722,6670.798016
41334.617,1427,6672.181447
30748.424,1372,6675.137764
41409.414,1901,6678.701057
41252.336,1723,6683.054157
41369.156,1899,6686.532085
41167.38,1720,6690.073785
30783.219,1352,6691.39362
41254.61,1943,6694.941136
41161.215,1598,6698.091292
41182.895,1770,6701.570761
41327.74,1745,6704.98131
30866.531,1690,6708.285342
41090.508,1527,6709.892648
41327.35,1716,6713.530572
41171.836,1676,6716.940935
41181.918,1670,6720.325511
30636.186,1655,6723.708646
41090.26,1520,6725.180737
41231.29,1595,6728.462201
41319.023,1873,6732.120384
41327.906,1757,6735.591867
41301.145,1538,6738.795089
41257.13,1686,6740.527777
41546.707,2102,6744.299908
41192.652,1737,6747.672226
40975.617,1574,6751.084051
30644.223,1454,6754.40877
41707.117,2150,6758.266707
41095.344,1548,6761.542841
41252.918,1787,6763.324238
41190.06,1502,6766.514196
41266.0,1567,6769.738673
30758.336,1362,6772.889735
41211.43,1639,6774.584241
41261.945,2222,6780.553195
30782.246,1251,6781.788733
41084.746,1481,6784.926072
41232.082,2213,6788.691087
41163.41,1846,6792.237143
41255.727,1542,6795.525043
41286.535,1649,6797.072215
41101.91,1698,6800.360883
41028.9,1383,6804.055945
41179.613,1966,6807.673821
9951962.0,3000,6812.275192
30649.996,1021,6815.047787
30767.416,1268,6816.375261
41076.21,1637,6819.824695
41083.11,1306,6822.989784
41206.125,1597,6826.61862
41426.055,2017,6830.819089
41223.97,1885,6834.765164
41138.02,1809,6836.696789
41247.12,1682,6840.353199
41137.35,1723,6843.914187
41121.94,1670,6847.410016
41171.56,1638,6851.096177
41283.85,1864,6854.885637
41083.305,1828,6858.564669
41314.168,1886,6860.494505
41183.344,1308,6863.788451
41237.773,1770,6867.32951
41189.17,1910,6871.158735
41357.758,2257,6875.192957
30685.28,1561,6878.562904
41261.582,1614,6882.105695
41133.14,1833,6884.205648
30685.664,1090,6887.157124
41411.2,2071,6891.175255
41300.086,2005,6895.264067
10611881.0,3000,6900.621307
41323.74,1859,6904.188868
41262.76,1766,6907.620668
30766.107,1646,6911.212374
41177.14,1707,6914.689093
30838.713,1401,6917.650249
41362.76,1728,6919.333839
41196.81,1675,6922.904976
10481906.0,3000,6929.622087
41211.83,1668,6931.630486
41122.562,1751,6935.787592
41443.72,1812,6939.586487
41241.19,1594,6943.27305
41150.773,1561,6946.822363
41319.676,1945,6950.629727
41016.43,1664,6952.348876
41082.492,1759,6955.909404
30866.17,1652,6959.318184
41282.31,1705,6962.861425
30823.994,1430,6965.983068
30748.69,1400,6967.284541
41121.793,1660,6970.91195
41173.895,1376,6974.103843
41102.973,1285,6975.344488
41325.598,1526,6978.546037
41037.91,1290,6981.956906
41131.63,1623,6985.364996
30872.36,1263,6986.711178
41302.78,1749,6990.597234
41197.86,1788,6995.153894
30800.426,1576,6998.712225
41277.2,1696,7002.705839
41635.258,1948,7006.595519
41162.707,1769,7008.355023
40992.207,1223,7011.580514
30640.748,1098,7014.654886
20229.275,947,7015.62208
40963.176,1332,7019.166602
41273.023,1768,7023.260209
10131917.0,3000,7028.480998
41368.234,1800,7032.835141
41044.824,1467,7036.510856
41186.895,1681,7038.414808
30671.139,1137,7042.2282
41405.62,2026,7047.355976
41122.81,1783,7051.381065
41313.61,1829,7055.377946
41217.47,1727,7059.313055
41148.89,1349,7060.650419
41127.125,1722,7064.315254
30803.986,1430,7067.401354
41287.81,1736,7070.966387
41181.69,1652,7072.695063
41182.82,1778,7076.193518
41418.285,1773,7079.799886
41511.723,2131,7083.66014
41297.84,1754,7087.066299
41499.69,1927,7090.854941
41250.55,1550,7094.334732
10491886.0,3000,7098.986368
41327.582,1721,7102.547808
41298.484,1837,7106.23253
41449.605,1902,7109.976039
41021.12,1608,7113.356357
41310.695,1544,7114.838676
41134.742,1471,7117.934586
41287.684,1739,7121.45765
41204.97,1475,7124.932237
5732021.0,3000,7129.37827
41267.906,1786,7132.868509
41107.613,1765,7136.250113
41140.676,1547,7139.668307
40986.227,1611,7141.364185
41490.254,1961,7145.269661
41044.7,1467,7148.364164
41403.473,1808,7152.080647
41085.55,1532,7155.394378
41154.668,1458,7156.827013
41498.785,1807,7160.394675
41267.316,1705,7163.876485
41172.08,1692,7167.776514
41113.395,1849,7171.614717
41379.234,1895,7175.558561
30792.486,1276,7176.820202
10891901.0,3000,7183.218378
41056.37,1650,7186.441792
41256.39,1616,7188.028695
41070.996,1599,7191.609944
