#{"t_start": 1768383601.3568466, "env_id": "None"}
r,l,t
-234.72978,1527,8.377703
-236.27985,1372,11.358179
-234.64983,1535,14.395715
-236.2399,1376,15.638806
-236.82988,1317,18.38026
-237.32993,1267,21.118065
-237.18002,1282,22.269651
-235.01997,1498,25.303627
-4.999531,3000,29.588545
9887.759,2783,35.256596
49.996906,3000,39.528265
9889.459,1954,43.124278
9869.452,963,45.990975
-4.9994736,3000,50.687391
0.00044828653,3000,56.564983
15.000466,3000,60.87974
20.000483,3000,66.6558
-221.1298,1387,67.886541
-235.39983,1460,70.778391
30.000587,3000,75.025373
-222.3298,1267,77.766376
34.99992,3000,82.010886
9921.201,2629,87.62374
-234.98978,1501,89.031043
9933.729,1389,91.916702
-235.1798,1482,94.95196
10124.99,3000,99.324859
9917.942,2302,103.04572
9943.657,1393,105.976943
9884.83,2487,109.8011
9932.426,2256,113.469082
9988.11,1836,116.764243
49.997807,3000,122.591822
69.99856,3000,126.950532
0.00040632486,3000,132.860817
9900.257,2034,136.203719
9982.809,1310,137.402511
-4.999405,3000,143.312637
9895.348,1548,146.362845
44.99816,3000,150.640164
0.0004349351,3000,156.505046
10174.888,3000,160.74794
9914.201,1429,163.732655
9975.419,2555,167.594927
-234.97986,1502,170.490504
10324.381,3000,174.774844
-236.46992,1353,177.558533
9923.551,1375,178.838209
-235.06976,1493,181.767967
-235.15977,1484,185.000726
30.000559,3000,189.318744
20244.549,1968,192.674787
9894.672,984,195.287645
9894.006,2408,199.014991
9946.819,1697,202.126893
9979.946,1520,205.209634
10.000365,3000,209.618304
35.000057,3000,215.76125
9962.851,2301,219.569595
9925.795,1101,220.588069
95.0033,3000,226.720895
64.996544,3000,231.05553
80.00316,3000,237.090366
9922.366,1253,238.241601
20152.463,1761,241.454381
85.00221,3000,247.469311
39.999016,3000,251.790375
9932.712,2282,255.536337
9966.022,2618,259.549644
10159.96,3000,265.442757
9928.442,1365,268.285646
10184.895,3000,272.540895
10244.825,3000,276.919466
10199.966,3000,282.767984
10374.36,3000,287.135927
10.000365,3000,293.002922
20454.654,3000,297.378753
9997.61,2280,301.02396
9967.954,1320,303.823886
100.00467,3000,309.671443
39.99996,3000,314.046761
20140.15,2033,317.46034
9955.41,1564,320.473342
9943.524,1379,321.706865
9875.307,1045,324.262994
9917.451,1267,327.048686
20221.035,2663,331.166402
9920.678,2576,335.213444
9933.196,2332,338.907373
9965.513,1571,341.908989
9950.137,1533,345.034715
9900.67,1083,346.058199
10229.33,3000,352.108973
10010.284,2547,356.137494
10409.689,3000,360.492282
10011.63,1186,363.122537
10044.965,1516,366.115677
10114.971,3000,370.396577
10139.937,3000,376.201941
9858.84,901,377.023848
20494.807,3000,382.928985
9963.554,1869,386.291176
9996.801,2694,390.337207
10058.909,2913,394.616495
69.999054,3000,400.334235
25.000542,3000,404.586326
10364.463,3000,410.346173
25.000412,3000,414.691641
9978.78,1402,417.598078
10334.363,3000,421.930384
10139.982,3000,427.887616
9970.128,1531,429.290144
10059.842,1507,432.236113
10349.392,3000,438.056967
10032.202,1237,439.174043
20.000383,3000,445.125498
9882.89,1302,446.306329
25.000582,3000,452.177507
10249.888,3000,456.653734
20434.389,3000,462.516315
9977.855,1808,465.758069
20589.424,3000,470.015294
10214.91,3000,475.821076
9868.951,911,476.647592
10279.338,3000,480.835174
9937.312,1256,483.739285
20316.861,1715,486.996662
35.00039,3000,491.427083
20376.508,1688,494.585914
9925.255,1041,497.114135
9941.451,1169,498.198322
9996.691,2186,501.849991
20247.076,2732,507.806069
54.99719,3000,512.268638
20219.627,1494,515.322922
20489.521,3000,519.615299
20152.65,1289,522.309118
20198.646,2392,526.147308
9945.065,1522,529.016917
10004.211,1948,532.597583
20178.42,1367,535.485336
9921.383,1648,537.01255
20512.371,2277,540.671221
9926.08,2618,546.277851
10039.83,1508,547.758248
9973.424,1367,550.575113
20405.723,2098,554.130155
20269.96,2042,558.839468
20231.2,1651,562.416279
10119.969,3000,568.339699
20391.72,2699,575.421608
20302.693,1798,583.406995
30720.037,2555,587.791358
20287.238,1763,591.121438
20234.455,1476,592.517488
10016.739,1687,595.879663
20256.045,1633,599.198273
20189.262,1948,602.785152
9936.681,1679,606.012444
30652.17,2774,610.334446
10409.476,3000,616.400495
20134.598,1487,617.745558
20212.812,1809,621.00725
9977.51,1769,624.283442
20220.22,2066,628.006273
30705.84,2122,631.692666
10009.986,1527,634.887756
10043.354,1361,637.88841
9870.997,1113,638.942725
10274.42,3000,644.827727
10017.945,2811,649.045351
20224.07,2944,653.288077
20644.402,3000,659.332957
20649.639,3000,663.671502
10010.303,1052,666.308658
20288.037,1824,669.543253
9899.149,931,670.406357
20393.191,2863,676.323019
20744.379,3000,680.66727
20283.904,2944,686.654137
20369.635,2002,688.537869
20337.87,2844,694.602466
20438.48,2899,699.224248
9903.441,863,701.769386
9888.298,846,702.560481
20455.117,2554,706.806768
20164.36,1458,709.900242
20360.326,2577,713.996996
9933.724,1391,716.949767
9921.576,1177,719.711313
9916.494,2658,723.722734
10349.8,3000,728.068815
9872.003,716,730.332112
30762.207,2782,734.63386
9861.292,643,735.210962
20280.887,1109,737.861335
20694.88,3000,742.126853
20198.979,1429,745.161817
30959.404,3000,751.151633
20386.908,2223,754.840955
9921.721,1192,755.929588
30943.834,2936,761.73217
5.000403,3000,766.044719
20334.342,3000,771.89968
9915.616,2076,775.480021
10019.226,1935,778.859949
20355.965,2644,782.854868
9878.916,908,783.71702
9878.998,915,786.157893
20769.637,3000,790.822228
9900.646,1081,793.445739
20190.197,1544,794.960611
9867.715,786,797.292466
20157.525,1790,800.567335
10022.625,1790,803.917062
20769.473,3000,808.512563
30697.684,2312,812.52534
20344.852,3000,818.53741
10017.04,1223,819.675053
20341.287,1657,822.825851
20249.773,2009,826.458479
20457.258,2764,830.677168
20307.162,1740,834.019847
20332.65,2300,838.092601
9910.04,1512,841.26904
9908.515,1360,844.318173
30635.03,2547,848.482635
30565.564,2601,852.470188
20447.115,1747,855.806911
20146.74,1197,858.569827
20302.074,2231,862.218199
9985.823,1106,863.193453
9999.958,1016,865.764439
30529.252,1963,869.119282
20280.209,1548,872.235565
9898.873,1894,874.069446
30546.436,2185,879.287239
10021.495,1168,880.372528
9893.943,1406,883.358198
20239.06,1420,884.784132
20223.945,1422,887.994828
31309.396,3000,894.308956
20169.084,1433,895.664122
9905.213,1036,898.351057
20121.701,1191,899.4997
9941.638,1674,902.706721
9919.225,1437,905.771587
10339.688,3000,910.216679
20302.457,1782,913.35591
9869.602,975,915.88596
9867.377,752,916.570268
20282.805,2310,920.231946
20235.486,1581,923.297856
20141.604,1182,925.947709
30703.096,2351,929.657861
9972.681,1291,930.831714
10006.322,1151,933.415059
20245.87,1607,936.493384
20145.748,1608,939.558964
20115.318,1051,940.51759
20438.525,2395,944.39202
9888.498,1859,947.737694
20239.668,1498,950.749509
10027.2705,1745,954.066498
30627.496,1785,957.354024
30597.795,2327,961.307195
20233.744,1402,962.671155
20169.955,2537,968.371889
30611.045,2142,972.016746
9978.824,901,972.837341
30662.682,1292,975.627369
20482.762,2312,979.329552
30483.209,1848,982.584343
20154.79,1508,985.565449
10042.877,1307,986.72714
20087.822,1291,989.427215
20235.893,1618,992.58048
9898.666,884,993.383021
30784.61,2517,997.372719
20142.705,1295,1000.218588
30572.998,1839,1003.393115
20233.09,1847,1006.690087
30944.414,3000,1010.983066
9893.224,837,1013.352284
9989.704,987,1014.289975
20208.176,1853,1017.680063
20188.242,1352,1020.616076
20213.951,2451,1024.644737
20143.799,1408,1026.001895
20244.453,1975,1029.414097
9981.728,1193,1032.21181
20332.96,1826,1035.592762
20316.895,1718,1038.730093
20389.285,1456,1040.059577
20313.996,2424,1045.433021
20313.164,2877,1049.741072
20258.906,1419,1052.601137
20161.607,1182,1053.655864
30731.338,2174,1057.29268
9885.639,1570,1060.366289
9896.026,2107,1064.008602
20223.9,1406,1066.895159
20116.457,2194,1070.38105
20290.645,1589,1073.430191
20092.145,1232,1074.58438
20189.09,1440,1077.468028
9892.125,1221,1080.285908
20220.055,1026,1081.244384
9986.776,1203,1084.004143
20250.502,1071,1084.999073
20266.283,1651,1088.177518
20162.871,1311,1091.002631
20298.193,2373,1094.846514
9891.25,1147,1095.900993
9893.364,850,1098.332356
20109.152,1428,1099.648616
20119.879,1005,1102.131531
20280.068,2035,1105.641492
20264.18,1449,1108.562474
20278.059,1842,1111.855316
30588.543,1881,1115.226187
20246.332,2663,1119.23822
20345.578,2602,1123.265041
20095.475,1069,1125.874484
9901.509,1161,1126.943252
30478.838,1408,1129.811926
20216.715,1693,1133.130231
20396.703,1708,1136.521699
20218.436,1372,1137.821378
20202.182,1742,1141.117309
20260.066,1539,1144.222094
9989.678,986,1145.113814
20292.295,2261,1148.982694
30523.777,2415,1155.171804
9888.729,890,1156.064303
20273.908,1413,1159.255961
9909.716,1488,1160.788317
10037.024,1226,1163.846836
9890.464,1553,1167.205812
20168.158,1830,1170.598275
20112.76,1294,1171.854061
20144.941,2551,1177.660253
9883.858,900,1178.504608
30675.633,2092,1182.14708
20184.008,2420,1186.118322
20148.506,1380,1189.036703
20142.564,1277,1190.209124
20206.928,1217,1192.921366
9885.973,2602,1196.938439
30616.746,1702,1200.185357
9899.975,1018,1203.007925
20311.252,1652,1204.715021
9993.312,1357,1207.652398
30552.168,2259,1211.418905
9989.534,1483,1214.489369
9867.706,783,1215.229112
20281.062,1632,1218.636995
20113.049,1328,1221.563932
9878.931,903,1222.399329
20071.863,1212,1225.153833
20275.271,1550,1228.218852
20177.305,1252,1229.362046
20148.113,1332,1232.285172
20407.738,1805,1235.912697
9938.041,1318,1237.280012
20237.11,1237,1240.435283
20129.463,1988,1244.271273
9942.28,1251,1247.335517
20291.693,2207,1251.098162
20421.977,2239,1254.912447
30814.36,2480,1259.149099
20209.281,947,1260.075053
20236.168,2154,1263.836788
10001.929,1714,1267.152156
30736.086,1637,1270.537161
10005.456,1555,1273.709739
30565.396,2579,1278.311553
20158.15,1343,1281.452869
9879.008,916,1282.312543
10003.976,1421,1285.645983
30674.32,2994,1290.23676
30565.041,2555,1296.195514
20565.719,2612,1300.33234
20287.102,1737,1303.63388
20372.926,1825,1307.065365
20300.748,1592,1308.606716
20273.994,2419,1314.434379
20213.334,2375,1318.727342
20182.404,1775,1322.313042
9918.807,1392,1323.978356
20452.37,2270,1328.06367
30595.021,2038,1331.753626
20149.389,1469,1334.898065
20401.92,1723,1338.419476
20401.588,2197,1342.464754
30729.088,2447,1346.743674
30622.375,2792,1353.161132
20349.877,2025,1357.020031
9892.348,1248,1358.261444
9943.62,1377,1361.45448
20242.01,1222,1362.669733
9989.08,1437,1365.789094
10046.376,1652,1369.070726
9967.662,2277,1372.727711
20276.338,1667,1376.077879
20122.338,1258,1377.27903
9994.337,1463,1380.260285
20233.691,1392,1383.345989
9918.055,1319,1386.38406
20314.47,1469,1387.793556
9924.766,994,1390.545159
10003.327,1350,1391.803053
9901.708,1185,1394.613672
30755.375,2072,1398.168037
9996.196,1650,1401.435359
9908.903,1400,1402.732612
30542.223,1757,1406.106119
30606.545,2711,1412.389607
20223.55,1878,1415.962879
9917.548,1269,1417.171901
10087.484,1772,1420.53245
10010.229,1042,1423.233589
20384.104,1437,1424.664023
20270.598,1592,1427.955283
20289.764,1509,1430.959154
10012.34,1249,1432.116338
9879.721,992,1434.823946
9917.689,1289,1437.832278
9933.269,1346,1439.180953
9963.467,860,1441.775623
9917.899,1303,1443.021698
20165.273,1551,1446.472837
9995.624,1080,1449.417804
20195.422,1569,1451.083698
20346.387,1667,1454.454363
20185.709,1590,1457.86337
9920.104,1519,1461.201171
10043.545,1380,1462.696869
20121.744,1201,1466.043918
9984.358,1465,1470.275185
30488.812,1906,1474.249214
20214.451,2494,1478.462368
9908.121,1320,1479.70218
20229.936,1513,1482.862446
9916.516,1168,1485.727971
9867.948,810,1486.586105
20309.66,1992,1490.271274
9892.078,1218,1493.039689
20099.182,937,1493.986551
30624.625,1488,1497.17466
20283.648,1388,1500.2376
20134.83,1508,1501.64244
20266.945,1720,1504.999317
9924.258,1442,1508.226283
20111.432,1161,1509.360863
30684.652,2501,1515.649324
9906.178,1132,1516.857745
9905.036,1020,1519.803708
9906.063,1121,1520.89152
20092.264,1253,1523.789557
20232.562,1277,1525.051696
20264.35,1460,1528.258511
20353.96,1424,1531.295866
20151.96,1733,1534.753931
20206.28,1647,1536.427972
9870.317,1041,1539.521312
20115.535,1570,1543.159796
20345.648,1589,1546.836515
10000.49,1571,1548.628537
9898.678,884,1551.594547
20367.275,1757,1555.512174
9977.809,798,1556.365599
20345.064,1536,1560.478095
10019.623,1487,1562.073275
9878.888,906,1565.414066
20130.674,1595,1569.695263
20080.723,1097,1571.066722
20081.98,1213,1574.627584
30636.97,1733,1579.235842
20302.727,1291,1580.696956
20158.412,1361,1583.965437
20178.31,844,1584.782701
20335.8,1615,1588.28514
9908.639,881,1591.25411
9877.603,1268,1592.842734
10031.245,1148,1596.194921
20283.732,1400,1597.983627
9993.44,1356,1601.822071
9893.433,858,1604.660467
10042.095,1234,1605.868275
30595.822,2114,1609.992554
20233.629,1386,1613.173358
30606.107,1641,1617.083277
20215.746,1095,1618.410913
20142.367,1260,1621.454328
20316.324,1155,1622.598911
30626.832,1714,1626.436213
20131.34,1157,1629.633981
9883.336,848,1630.69516
20102.18,1239,1633.932339
9866.452,657,1634.553886
20126.104,1129,1637.715857
20206.018,1119,1638.920557
9989.532,971,1642.847806
20254.082,1433,1644.316318
20250.309,1554,1647.789901
30568.295,1861,1651.692523
20193.127,1842,1655.541474
20335.787,1599,1659.197844
9964.31,943,1660.139341
20164.121,1439,1663.287102
20101.334,1154,1664.491794
20358.146,1341,1667.852377
20240.41,1059,1670.878232
20144.404,957,1671.811284
20263.873,1412,1675.132857
20331.832,1714,1679.002396
10000.252,1046,1680.047439
20289.56,1479,1683.562645
20158.51,1375,1685.04208
9941.398,1157,1688.285562
20136.945,1213,1691.587996
9909.663,1478,1693.248891
20436.283,2166,1697.597589
9867.101,726,1700.343927
20157.705,1290,1701.636243
20134.34,950,1704.484648
20082.182,1240,1705.949945
9883.708,887,1709.120284
20147.465,1265,1712.171448
20134.137,1431,1713.656505
30658.547,1886,1717.624764
20396.44,1670,1721.329919
9907.017,1213,1724.32805
20120.453,1066,1725.50289
20278.42,1373,1728.932029
20124.072,928,1729.866382
20289.877,1517,1733.447462
20142.547,1276,1736.736608
9896.2,1131,1737.853392
9893.435,858,1740.437047
20171.434,1167,1741.545963
9863.481,858,1744.33611
20153.557,1380,1745.7237
10032.024,1224,1748.741829
20343.242,1853,1752.319873
20282.283,1248,1753.59494
20138.168,1340,1756.885535
20344.127,1440,1760.196157
9989.567,971,1761.14181
20265.56,1577,1764.562444
20225.654,1596,1767.988134
20147.803,1818,1771.499465
20337.068,1737,1773.343702
20123.152,1332,1776.840144
9994.5625,975,1779.890296
9988.629,879,1780.778709
10020.642,1081,1783.636765
20132.605,1287,1785.00662
20252.797,1297,1788.245078
20201.29,1143,1789.363535
20498.295,1861,1793.123429
20388.072,1333,1796.591072
30676.256,1659,1800.274548
20390.564,1586,1801.874072
9862.434,759,1804.448714
20310.867,1111,1805.539963
20158.613,1387,1808.838956
20273.531,1886,1812.658847
20155.719,1094,1815.711007
20453.494,1886,1817.707752
10019.356,1448,1820.999157
30624.99,2044,1824.78914
20307.94,1830,1828.408223
20163.988,1424,1831.407136
20166.451,1681,1834.884161
9961.836,1205,1836.077343
20099.824,1002,1838.824165
20170.451,1571,1840.390542
20213.352,1867,1843.995391
30575.305,2064,1847.922895
30765.047,2048,1851.582894
20301.02,1633,1854.977243
9989.764,993,1857.74578
30544.945,2037,1861.319555
41187.234,2251,1865.182431
30744.957,2545,1869.205741
30573.38,1876,1872.539436
20139.1,1433,1875.583998
20211.682,1188,1876.751364
20364.363,1463,1879.928264
20346.217,1650,1883.207056
9968.396,853,1884.044496
30636.344,1669,1887.37048
30761.008,1635,1890.472461
20353.754,1400,1891.7602
20303.691,1393,1894.686666
9889.09,926,1895.546371
20243.564,1382,1898.711512
30591.584,2196,1902.64899
20253.326,1355,1905.876987
20213.066,1330,1908.856996
20137.967,1318,1910.062972
30822.484,2294,1913.809328
9915.908,1110,1916.767174
30635.018,2045,1920.647892
9991.59,1180,1921.814301
9995.1,1028,1924.643341
20139.15,1441,1927.837212
30736.89,2740,1932.121159
10050.133,1537,1935.587748
20360.104,1539,1937.240208
9869.458,959,1939.9742
20430.145,1543,1943.147209
20349.436,1975,1946.871491
20373.826,1409,1948.289759
10015.502,1069,1951.115369
20439.697,2003,1954.84751
30453.1,1339,1958.049516
20254.086,1428,1959.399802
20185.258,1046,1962.088395
20168.232,1348,1963.324459
30599.115,1953,1967.153019
20253.59,1389,1970.269914
9916.179,1137,1973.116997
20343.89,1411,1974.457005
10006.69,1188,1977.357174
20396.629,1696,1980.731587
20293.738,1397,1982.115932
10002.464,1269,1985.061112
20314.28,1966,1988.65081
20355.432,1569,1991.756655
9910.093,1027,1992.725553
9911.063,1121,1995.513728
30695.469,2085,1999.126667
10004.288,948,2000.047491
20204.037,922,2002.588651
9931.293,1153,2003.692753
30510.125,1537,2007.011132
9935.415,1059,2008.016525
30626.047,2145,2013.347571
10005.469,1062,2014.376746
9968.82,898,2016.903351
20085.805,1095,2017.961929
30483.412,1876,2021.42877
9992.279,1247,2024.324311
20190.602,1080,2025.355475
20158.727,1400,2028.427799
9872.398,754,2029.138393
30731.242,2161,2032.737835
20280.688,1594,2035.932381
20237.479,1273,2038.843057
9883.315,1338,2040.062217
10021.294,1152,2042.819814
10021.435,1166,2043.960508
30584.748,2520,2049.877029
9911.152,1133,2050.959857
20276.582,1184,2053.913801
20205.348,1056,2054.922474
20284.24,1965,2058.438787
10053.928,1419,2061.431581
30664.361,2487,2065.455346
30605.604,2103,2069.082581
20264.775,1512,2072.247718
20218.531,1380,2075.170392
20203.264,845,2075.964694
9976.535,1671,2079.121847
9931.203,1140,2080.176597
9908.702,887,2082.656946
20437.867,1824,2086.069247
20327.432,1775,2089.280477
20399.02,1939,2091.091655
9957.286,1250,2093.896162
9906.353,1151,2096.630321
20146.18,1142,2097.71607
20447.166,1753,2101.135599
30626.537,1688,2104.493393
30750.98,1625,2107.717233
10019.318,1453,2109.107059
9991.651,1185,2112.039871
30695.898,2130,2115.731733
20243.984,1424,2118.76956
20244.494,1478,2120.161288
20408.41,1881,2123.600602
20232.318,2257,2127.432377
10032.227,1242,2132.001081
20122.898,1311,2135.122154
20276.666,1689,2138.549732
30484.658,1490,2139.920774
41200.242,2011,2143.466166
20515.566,2097,2147.079703
20232.432,1265,2149.864136
20342.232,1756,2153.063477
9923.592,1376,2154.376684
30684.25,2471,2159.825234
9904.888,1003,2160.745543
30908.127,2357,2164.665088
30688.113,1850,2168.086571
10009.493,967,2170.728372
30758.377,1874,2174.338872
9899.196,935,2175.246383
41158.863,2914,2179.711151
30613.9,1927,2183.327125
30579.812,2018,2187.245306
20158.67,1904,2190.862407
20177.527,1793,2194.192391
20163.387,1366,2197.145678
20193.826,1406,2200.178884
20444.705,2011,2202.195044
20243.053,1326,2205.233886
30883.006,2349,2209.137952
30570.707,2112,2212.776883
20446.07,1642,2215.976744
20150.814,1100,2218.629895
20356.111,1637,2220.134959
20255.979,2140,2223.79528
10040.941,1614,2226.990905
20192.414,1776,2230.361193
9980.31,1048,2232.925113
9914.269,943,2233.864375
30624.623,1490,2236.800585
9914.802,999,2237.699709
9967.691,1290,2240.430347
20121.697,2214,2244.091767
30596.771,1703,2247.296568
20337.605,1792,2250.609492
30553.223,2372,2254.566255
9916.277,1142,2255.660892
30765.717,2115,2261.161789
30810.25,2573,2265.347977
30737.799,1819,2268.853321
31174.408,3000,2273.38499
9930.773,1096,2276.146717
20400.371,2076,2279.78699
20310.096,1544,2281.219637
20284.553,1485,2284.284231
41203.34,2337,2288.084502
10011.085,1616,2291.132837
20285.88,2121,2294.742603
9887.762,791,2295.492504
9866.67,682,2297.771988
30734.488,1989,2301.230743
10000.141,1032,2302.185091
30462.688,1293,2305.076853
20100.025,1021,2306.084893
30759.191,2472,2311.518748
30494.81,1511,2312.884549
30602.55,1790,2316.192314
30504.01,1934,2319.564737
30844.33,1971,2323.025862
31314.371,3000,2329.180113
10077.714,1295,2330.390965
31041.664,2722,2336.373174
30657.244,1762,2338.018336
20226.434,1675,2341.109972
30696.623,2206,2344.870335
30558.852,1924,2348.344699
30671.81,1718,2351.637537
30558.414,1877,2355.110848
9923.285,1344,2357.993491
30791.666,2212,2361.717714
30716.064,1637,2364.871746
30511.658,1702,2366.457789
30708.602,1900,2369.80544
9914.521,972,2372.33735
20330.832,1105,2373.359728
20149.525,971,2376.064867
30551.137,1645,2379.402357
20431.762,1713,2381.023129
20155.707,1090,2383.636313
20131.879,1211,2386.490932
20329.77,1502,2387.918442
20090.467,1068,2390.48452
30964.438,1984,2393.983888
9988.991,917,2394.822611
20209.81,1000,2397.338067
20300.562,1581,2400.415874
9889.132,931,2401.260892
9999.98,1018,2402.238336
20131.965,1217,2405.068075
30636.041,2151,2408.853118
20272.76,1293,2411.818067
20205.99,1121,2412.863842
20200.174,1036,2415.533915
20506.164,2158,2419.190786
30616.73,1703,2422.433637
30794.809,2019,2426.034716
30508.57,1380,2427.356575
41178.1,2830,2433.152447
30546.55,1689,2436.436712
30583.832,1921,2438.207124
10022.952,1320,2441.047064
30823.627,1902,2444.422812
30675.47,2090,2447.891087
9989.807,1000,2450.33618
20243.154,1343,2451.547587
20132.416,1265,2454.278898
20203.637,1394,2457.181183
20217.621,1801,2458.824479
10044.768,1504,2461.844196
30501.025,1633,2465.012875
30479.217,1452,2467.884245
20425.488,1576,2469.293191
30587.875,1312,2472.040873
20222.105,1236,2474.860698
30466.246,1655,2476.365483
30724.725,2518,2481.891939
30571.861,2224,2485.519194
20291.645,2191,2489.174493
9893.892,906,2490.000568
20312.422,1776,2493.236624
30519.059,1945,2496.740071
20227.5,1273,2499.530191
9944.076,1919,2502.857224
10003.637,1390,2504.208834
30546.781,1201,2506.983826
20318.346,1358,2509.749152
20247.566,1283,2510.925784
20098.646,879,2513.352461
9904.985,1016,2514.333435
20189.422,1465,2517.264753
30615.605,2099,2520.764756
41056.414,1646,2523.96213
9991.191,1141,2525.033715
30529.854,1512,2528.074002
20262.12,1233,2530.826106
9972.033,1228,2531.953619
20160.05,1531,2535.00405
30534.777,2021,2538.569172
30739.107,1944,2541.875756
20381.43,1675,2545.075897
30724.135,1951,2548.596515
30561.05,2154,2552.184052
20123.17,1342,2553.394661
41400.297,2508,2559.129744
20328.5,2392,2562.993882
9889.344,950,2563.90995
20309.992,2037,2567.519673
20281.21,2158,2571.08663
20143.008,1318,2573.962161
9920.466,1066,2574.939442
20143.646,1386,2577.826198
10004.277,945,2580.248783
9930.393,1059,2581.188255
9926.981,1214,2583.884452
30615.297,2067,2587.356111
20183.492,1370,2588.629018
9888.869,903,2590.9995
30803.51,1891,2594.382325
20296.076,1636,2597.501705
30570.48,2088,2600.946568
30458.096,1333,2602.143634
30520.367,1566,2605.202006
20298.533,1378,2608.18296
20109.39,959,2609.069355
30527.283,1763,2612.303234
20453.096,1848,2615.729474
20275.273,1558,2618.720145
20263.541,1375,2619.980898
9978.898,907,2622.39967
30574.383,2491,2626.297711
30535.166,1551,2629.339087
20317.133,1750,2632.576319
20295.762,1610,2634.064008
9980.583,1075,2636.620537
9966.194,1143,2637.717505
9978.723,890,2640.0536
30645.86,1616,2643.220958
20201.355,1669,2644.808179
9857.524,764,2647.023068
30625.943,1624,2650.067528
30490.08,1540,2651.508461
30703.629,1901,2654.916495
30724.78,2511,2660.513666
30608.984,1936,2662.344497
20191.98,1733,2665.617005
9908.689,886,2668.028946
20136.959,1218,2669.143996
30644.045,1946,2672.522266
10013.64,1382,2675.409372
20251.098,1129,2678.028918
30476.572,1182,2679.138114
9978.6,877,2681.524271
20138.465,865,2682.320135
10007.724,1297,2685.149994
30671.557,1685,2686.732352
20090.045,1023,2689.313201
9899.455,964,2690.223044
30541.107,1645,2693.259581
30520.914,2139,2696.848163
30871.113,2152,2700.413939
20404.766,1500,2703.334717
20149.135,1443,2706.253766
9931.217,1142,2707.285836
20367.654,1786,2710.512774
10005.398,1058,2713.051605
20278.92,1419,2714.374356
9883.406,856,2716.715895
10001.652,1182,2717.77766
9992.049,1228,2720.424992
20157.135,1232,2723.079669
30604.725,1505,2724.497861
9909.554,973,2727.028832
30583.963,1420,2728.370503
30486.45,1672,2731.390523
30908.912,2442,2735.285856
30712.158,1753,2738.476365
20116.203,1143,2741.067092
20259.008,1424,2743.922562
20380.926,1117,2744.952662
30679.559,1991,2748.388554
30619.324,1968,2751.719831
30583.898,1918,2755.097497
30716.396,2183,2758.78205
20344.822,1512,2761.726706
20217.646,1785,2765.051324
30606.227,2158,2768.683823
20139.215,940,2769.535504
20234.695,2521,2773.454168
20154.33,1455,2776.474794
20201.584,2184,2779.996962
20235.258,1048,2782.585912
30808.578,1893,2785.939651
9883.579,875,2786.784198
20417.338,1766,2789.976408
41246.773,2187,2793.499284
30584.088,1947,2796.874187
9879.93,1004,2797.818684
20111.486,1172,2800.434208
20260.264,1547,2803.394114
20297.88,1824,2806.64747
30587.098,1741,2808.268342
20375.715,2102,2813.421999
30637.121,1744,2815.059606
30615.863,2125,2818.679111
20423.168,1853,2821.912893
20390.666,2100,2825.601838
30627.215,1750,2828.711124
20260.28,1561,2831.777501
30638.65,1394,2834.628219
20307.08,1742,2836.276463
9991.364,1161,2838.963209
20170.783,1607,2842.136021
20256.275,1151,2843.172024
20280.951,1613,2846.266693
20123.922,911,2848.692485
30535.678,1602,2850.192501
9867.567,772,2852.488086
20166.07,1644,2855.657839
20294.191,1448,2856.989302
9879.039,919,2859.786445
20273.25,1352,2861.153511
20257.283,1765,2864.379979
9915.367,1057,2867.005893
30532.246,1759,2870.27653
30536.652,1699,2871.80435
30639.928,1523,2874.857738
20095.05,1522,2877.88826
20202.824,1309,2880.696938
30834.383,3000,2885.053995
20428.658,1893,2888.398767
30603.543,2407,2892.19596
9888.23,840,2894.637167
20264.037,1430,2895.951941
30654.938,1527,2898.930995
30589.28,1456,2901.838463
20297.965,1325,2903.038759
20256.96,1721,2906.248473
30579.11,2455,2910.020826
30701.875,1723,2913.249007
20156.592,1182,2915.938411
20291.805,1706,2919.183931
30879.582,1999,2922.733467
30607.934,1818,2926.097371
20309.111,1438,2927.41893
30573.494,2398,2931.180928
30558.865,2439,2936.462379
20264.826,1508,2937.819168
20284.29,1453,2940.626276
20131.756,1200,2943.232352
20288.068,1331,2944.466692
20351.139,1139,2947.061644
20185.424,2086,2950.549233
30821.457,2187,2954.189566
30806.58,1692,2957.337892
9941.473,1166,2958.436142
20365.684,1600,2961.524719
20352.807,1813,2964.78911
20297.885,1314,2967.620396
30442.752,1302,2968.781544
30742.979,2349,2972.520527
30693.387,1871,2975.894812
20353.666,1392,2978.811956
9925.792,1098,2981.491009
30782.225,2271,2985.181807
30688.69,1906,2988.489145
30868.627,1899,2990.362941
30467.818,1307,2993.101447
20255.92,1114,2995.780266
30521.36,2180,2999.382313
41094.062,2421,3003.215981
41228.75,1875,3006.576399
20398.387,1365,3009.410321
10021.276,1148,3010.484252
9884.492,967,3012.978809
20223.312,849,3013.78309
30610.814,1612,3016.854781
30585.617,2107,3020.393756
20126.605,1696,3023.463575
30805.566,2098,3027.013566
20257.92,1829,3030.274474
20205.758,1096,3031.278007
20256.436,1672,3034.434579
10001.902,1209,3035.579478
20183.057,1833,3038.844077
20148.904,1414,3041.841484
30730.143,2053,3045.475379
20345.459,1579,3048.492551
30533.434,1369,3049.788553
9899.036,919,3052.304033
30697.574,2305,3056.139252
30878.496,1890,3059.409993
20204.84,1001,3060.333824
41292.098,2726,3065.89253
30569.525,1991,3069.344392
20289.09,1435,3070.660954
20096.03,1125,3073.302379
20223.969,1425,3076.222461
30718.766,1918,3079.603011
9863.395,852,3080.383859
30698.084,2356,3084.163104
10026.342,1156,3086.910618
20267.008,1226,3088.083278
20330.89,1112,3090.630853
20201.098,1134,3091.696279
41042.586,2288,3096.96321
30694.174,1956,3100.422548
20266.047,1639,3101.924548
20155.418,1570,3105.197046
30646.832,2228,3108.774192
20449.9,2029,3112.170547
30468.75,1402,3115.054367
30819.832,2026,3118.434222
20246.975,1732,3121.646209
20150.074,2039,3125.146548
30577.736,1813,3128.317399
20199.672,986,3129.201663
20248.158,1339,3131.945283
20367.746,1809,3135.213938
9930.784,1098,3136.220958
20113.215,837,3138.505925
20467.4,1772,3140.117766
20134.775,995,3142.497528
20253.014,1324,3145.331018
30493.7,1399,3146.620157
20291.21,1656,3149.715877
41284.688,2499,3153.587954
20178.46,1372,3156.421841
10011.789,1203,3159.162847
20263.773,1404,3160.436849
30575.717,2120,3163.899181
30533.604,1898,3167.194343
30736.879,1723,3170.324379
30566.104,1643,3173.466868
20315.887,1622,3176.594796
20226.283,1151,3177.614453
30657.262,1253,3180.321976
30605.791,2634,3184.355156
20284.209,1449,3187.219036
30734.816,1513,3190.162729
20347.715,1300,3191.340391
20268.256,1352,3194.174277
41406.234,2638,3198.114061
30461.812,1204,3200.756494
20257.809,1305,3201.92357
9979.152,934,3204.444955
30566.877,1722,3207.543593
30700.23,2062,3210.933613
41089.793,1982,3214.33821
20161.814,1206,3215.463133
9866.918,705,3217.717491
10006.371,1163,3218.796963
41008.582,1875,3222.185678
20240.16,1035,3224.880181
20236.594,1184,3225.978189
30837.27,1764,3229.315371
30608.338,1871,3232.693525
20327.605,1286,3235.506361
30515.31,1559,3236.957438
31030.428,2085,3240.484633
20354.441,1467,3243.403002
20430.723,2118,3246.970275
30460.09,1027,3249.501193
30620.703,2111,3253.103511
30658.748,1909,3254.928805
30480.096,1541,3257.935437
30584.23,1454,3260.853702
20305.223,2068,3264.403736
20144.893,1009,3265.327871
20178.504,1377,3268.102261
30724.406,1469,3270.990289
41237.81,2301,3274.696669
20443.416,2390,3278.396677
9916.877,1201,3281.070036
41175.715,2078,3284.575346
30576.28,1666,3287.751178
20256.752,1199,3288.828757
30717.826,1819,3292.096311
20222.518,1278,3294.835921
20262.86,1312,3296.03913
30807.844,1822,3299.287431
20260.373,1560,3302.330048
30703.465,1373,3305.26358
20252.436,1269,3306.446069
30781.27,1660,3309.612317
20144.879,1005,3312.111894
30800.115,2055,3315.673194
30654.36,1975,3319.040153
20303.652,1392,3320.300947
30877.076,1740,3323.506051
20356.195,1643,3326.648892
20298.629,1392,3329.50618
20134.78,994,3330.419778
30693.334,1870,3333.75408
20242.607,1279,3336.594499
30464.35,1464,3337.948167
30727.357,1766,3341.157277
30713.195,1858,3344.529341
30503.338,1364,3347.370743
20211.244,1145,3348.389844
30502.736,1298,3351.171468
20271.803,1203,3352.297346
20188.535,872,3354.699545
30719.645,2005,3358.47672
20276.842,1208,3359.603272
30554.768,1509,3362.52914
20247.09,1232,3365.404251
20378.53,1382,3366.740636
20202.023,717,3368.98807
30725.934,2128,3372.559653
30819.348,1971,3376.016314
30506.43,1674,3379.159206
20242.932,1322,3380.405138
30551.3,1661,3383.52455
9918.721,890,3386.016016
20303.592,1386,3387.289853
20144.014,1425,3390.262116
30788.568,1898,3393.633755
20136.475,1165,3394.737447
20217.643,1291,3397.544866
20315.053,1023,3400.215516
20130.96,1117,3401.33002
20341.045,1128,3404.080699
30628.436,2394,3408.122272
30684.287,1971,3411.634243
20274.803,1511,3414.641643
30537.652,1288,3415.833631
30476.182,1140,3418.412717
30537.334,1771,3421.576627
30724.805,1511,3422.970263
20347.465,1270,3425.776937
20287.09,1230,3428.576922
30588.818,1919,3430.365824
30621.412,1675,3433.397666
30555.793,1604,3436.464112
30535.564,1588,3439.441984
9935.041,1025,3440.360063
20170.445,1066,3442.837955
20149.076,1429,3445.716254
30695.836,1618,3447.230087
20162.441,1265,3449.930612
20122.594,1281,3452.640407
41137.613,1756,3454.321835
20405.244,1559,3457.340461
20272.84,1307,3460.087191
30666.902,1728,3463.298665
30606.744,1708,3466.681049
30593.52,1377,3467.973495
30713.906,1417,3470.980359
20191.223,1145,3472.048113
30595.21,1549,3475.143632
30455.73,1605,3478.207341
30686.377,1673,3481.300081
20386.01,1635,3484.434178
9889.915,1009,3485.339627
30599.578,2001,3488.769237
20378.512,1376,3491.580775
30695.195,1546,3492.982537
30420.709,1093,3495.63925
30579.666,1496,3498.671171
9967.581,1283,3499.88596
30652.932,1828,3503.278155
30667.51,2302,3507.169267
20338.422,1875,3510.522179
30582.979,1325,3513.385344
20232.154,1240,3516.149231
30765.45,1575,3517.612569
20215.342,1057,3520.17036
30581.738,1709,3523.304685
20390.791,1608,3524.848972
9989.715,992,3527.376075
20253.287,1352,3530.247148
30687.072,1742,3531.82137
30618.48,1377,3534.647007
9990.959,1118,3537.273867
20242.225,1244,3538.393055
20263.764,1404,3541.219983
9983.759,891,3542.045152
30635.773,1611,3545.15223
30582.922,2340,3548.85684
30525.777,1609,3552.011025
30621.926,1729,3555.225827
30793.762,1404,3558.09494
30750.625,1592,3559.540909
30547.031,1225,3562.216936
30556.637,1694,3565.347143
20348.693,1398,3568.16817
30635.504,1582,3569.622634
20230.53,1073,3572.19035
30576.822,1209,3573.322715
30605.611,1593,3576.42291
20194.506,1481,3579.335474
30704.742,1503,3582.283211
20103.162,833,3583.064937
20360.516,1581,3586.119039
20349.605,1490,3589.037637
30561.578,1688,3590.562114
20136.06,1639,3593.583283
20252.219,1249,3596.30044
20232.203,1245,3597.415622
20222.463,1271,3600.096297
30589.307,1461,3602.942978
10004.898,1008,3603.923028
20333.338,1358,3606.671204
20173.887,905,3607.490744
30433.875,1418,3610.320035
9893.785,895,3611.163896
20383.613,1387,3614.007652
30602.807,1308,3616.869674
30560.8,1614,3619.89749
20136.93,1210,3620.967324
20189.8,997,3623.37417
20113.377,1368,3624.637806
30636.457,1683,3627.71277
30619.105,1439,3630.550041
30643.697,1400,3633.327704
20277.832,1311,3634.540596
20374.416,1471,3637.437358
20153.783,895,3638.245433
30546.713,1702,3641.302585
20094.182,938,3643.742127
30517.78,1817,3645.430058
20271.95,1216,3648.159279
9913.018,820,3648.900038
20145.977,1118,3651.439485
20341.7,1192,3654.126397
30599.617,1492,3655.492451
20326.424,1163,3658.014021
30513.97,1424,3660.764638
20118.945,910,3661.567213
20214.14,934,3664.058896
9993.439,859,3664.820546
31013.057,1845,3667.999734
20393.006,1326,3669.217946
20268.254,1354,3672.049543
20208.965,913,3674.438585
30753.541,1893,3677.696283
20271.562,1179,3678.813329
20235.953,1116,3681.350715
30624.371,1464,3682.67972
20124.107,929,3685.19785
20382.598,1285,3686.374446
20151.393,1163,3689.058351
20175.898,1616,3692.018128
20207.818,799,3692.732276
20129.773,995,3695.226168
20299.127,1442,3696.513402
20158.383,1358,3699.261285
20224.598,980,3701.754272
9979.22,941,3702.627602
20118.387,855,3703.47313
20119.977,1519,3706.556546
20209.623,983,3709.086717
30728.682,1397,3710.417865
30589.059,1436,3713.255857
20252.404,1264,3716.007614
20114.332,949,3716.875148
20333.078,1331,3719.605233
20229.465,966,3720.455941
20145.996,1122,3723.011501
30609.303,1458,3724.408533
20332.15,1238,3727.110076
9898.346,850,3727.898673
20235.502,1068,3730.373075
30638.553,1384,3733.232725
20315.611,1078,3734.285097
20106.11,1129,3736.93237
20141.607,1184,3738.031251
20266.908,1213,3740.690051
20228.451,1366,3743.501454
20396.195,1651,3745.035731
9909.973,1015,3747.488347
30544.07,1439,3750.32882
30738.691,1908,3753.728627
20251.81,1198,3754.86587
20332.639,1292,3757.636763
30440.645,1087,3758.670787
20211.137,1128,3761.204305
20144.19,939,3762.057906
20354.543,1480,3765.01299
30544.834,1517,3767.853869
30583.2,1348,3769.054909
20071.195,1133,3771.573611
20352.123,1237,3774.242943
20288.768,1403,3775.535079
20157.172,1239,3778.133785
30807.67,1806,3781.262784
30748.588,1894,3784.531824
20287.146,1238,3785.641877
20113.871,904,3788.033359
30633.922,1422,3789.321902
30541.92,1725,3792.418612
20191.273,1148,3794.990812
10025.494,1071,3795.951686
20347.596,1286,3798.610302
30528.959,1421,3801.504189
20165.611,1084,3802.489837
20374.18,1450,3805.418315
20246.654,1186,3806.539467
30682.934,2344,3811.768912
20165.719,1095,3812.753228
20333.041,1322,3815.536596
20251.13,1134,3816.568753
20215.234,1046,3819.0898
30654.332,1464,3821.998846
20333.85,1410,3823.27367
9977.758,1302,3826.098696
10015.981,1119,3827.122146
30593.25,1352,3829.901381
20376.043,1632,3832.966864
9998.339,852,3833.74881
20135.043,1022,3836.34546
20114.36,955,3837.217323
30484.992,1526,3840.210088
41088.457,2375,3844.013907
30675.445,1575,3847.072333
20275.785,1102,3848.09331
9958.902,906,3850.528817
20208.824,1409,3853.381002
20191.598,1174,3854.454315
20132.896,1312,3857.21591
20092.78,793,3857.960837
20274.197,1446,3860.778102
30483.492,1376,3863.516472
30525.379,1572,3864.94929
9967.861,802,3867.178889
9962.993,815,3867.906109
30552.86,1314,3870.730403
20107.07,1227,3871.833763
20373.398,1367,3874.760175
20243.377,1362,3877.557821
20235.783,1099,3878.528299
20221.1,1133,3881.085678
20351.186,1140,3882.094298
30557.945,1322,3884.930854
30483.152,1341,3887.696445
30604.967,1527,3889.077089
20126.492,1174,3891.707289
30723.008,1837,3895.041959
20369.793,1506,3898.000652
20240.705,1089,3898.975306
30756.457,1683,3902.039289
20241.428,1165,3904.721865
9905.522,1069,3905.69575
30577.725,1810,3908.975533
20157.137,1234,3911.699098
20209.97,1018,3912.595833
30647.46,1786,3915.869401
20242.062,1233,3918.598887
20362.326,1257,3919.719811
20114.652,983,3922.178458
9898.607,875,3922.962439
20258.799,1408,3925.881395
20328.818,1411,3927.160625
20278.824,1412,3930.036429
30443.973,1423,3932.924603
30660.914,1626,3936.027511
30595.137,1544,3937.457381
30607.84,1820,3940.662643
20189.172,936,3943.160107
20109.967,1018,3944.127952
30703.273,1353,3947.170277
20272.191,1243,3948.301871
20362.47,1273,3951.015862
9988.731,891,3953.395962
10010.035,1023,3954.400259
20225.764,1097,3956.882191
20193.074,821,3957.631441
20141.043,1122,3958.648736
20320.27,1047,3961.10699
30437.2,1245,3963.968323
20332.168,1241,3965.094047
20271.24,1144,3967.716525
20287.723,1299,3968.973948
20217.598,1284,3971.741899
20166.527,1176,3974.445504
30446.014,1122,3975.49067
20215.43,1063,3978.087311
30448.633,1392,3979.3368
9904.71,989,3981.850321
30522.885,1823,3985.075036
30582.926,1319,3986.285449
30600.094,1539,3989.166029
20237.186,1245,3991.770009
30608.27,1352,3992.975253
30616.025,1631,3996.053075
20209.861,1002,3998.464701
20235.742,1609,3999.935099
30597.52,1788,4003.04756
30593.7,1400,4005.870767
20210.012,1023,4008.416582
9945.114,1030,4009.372311
20318.955,1426,4012.193383
20336.658,1188,4013.351132
30401.754,1198,4016.133997
20219.664,987,4017.055916
20331.984,1225,4019.693467
30839.62,2002,4023.063576
30655.11,2046,4026.616834
30625.701,1598,4029.657264
20190.424,1065,4030.612658
30685.842,1616,4033.658682
20272.97,1320,4036.571403
30516.783,1713,4039.644861
20231.895,1213,4040.741245
20156.166,1140,4043.366558
20340.047,1026,4044.347714
30629.527,1482,4047.402112
20246.51,1170,4048.48594
30433.63,1383,4051.516289
30588.355,1876,4054.964308
30518.867,1414,4057.845795
20221.328,1157,4058.902156
20237.236,1242,4061.649097
20346.984,1223,4064.348198
9890.129,1027,4065.279248
30475.5,1580,4068.28699
20227.428,1269,4069.434315
10015.391,1061,4072.043582
9936.098,1127,4073.067879
20230.475,1070,4075.681738
30478.258,1355,4078.592434
30812.635,1802,4081.780882
30599.994,1529,4083.208999
30499.627,1494,4086.279351
20298.004,1325,4089.026077
20093.848,904,4089.847688
20240.418,1063,4092.351451
20274.209,1449,4093.682125
30617.355,1772,4096.867473
20119.848,1004,4099.474354
20254.96,1017,4100.428975
20252.85,1311,4103.167018
20194.121,928,4104.030943
30572.385,1772,4107.237138
30535.566,1592,4110.260123
20356.43,1161,4111.319761
20232.781,1303,4114.162161
20187.701,1296,4116.977358
30656.455,1682,4120.06946
20200.61,1084,4121.058942
20220.492,1070,4123.694918
20236.27,1147,4124.761951
20382.28,1253,4127.51688
30566.592,1183,4128.583742
20267.174,1245,4131.301166
20232.516,1275,4134.097696
30625.812,1615,4135.618173
20110.795,1101,4138.18924
20233.428,862,4138.975451
30463.85,1413,4141.784389
20215.506,1064,4144.375988
20341.412,1165,4145.411929
9909.784,998,4147.926551
20221.611,1182,4149.001828
20183.12,829,4151.374884
30494.791,1506,4152.711318
20375.055,1531,4155.767938
20403.273,1354,4158.656379
10005.691,1091,4159.643132
30573.117,1340,4162.457224
20286.008,1634,4165.590035
20117.63,1285,4166.741549
30483.648,1388,4169.592378
20239.604,980,4172.055301
30578.473,1377,4173.31616
20100.342,1055,4175.902618
20232.092,1237,4177.035697
20099.885,1010,4179.524007
20266.182,1652,4182.543735
30655.213,1552,4183.974044
20122.033,1228,4186.804365
30551.732,1195,4189.529115
30609.195,1450,4190.838628
9899.836,997,4193.267012
30460.666,1090,4194.269215
30675.777,1610,4197.231065
30547.598,1284,4199.929399
20149.938,1015,4200.836968
30581.21,1649,4203.8727
20220.523,1070,4206.398931
20353.564,1380,4207.653412
30620.918,1626,4210.778369
9999.578,979,4211.724149
20223.703,1399,4214.619826
9999.491,966,4217.04948
20212.24,1249,4218.163219
20226.352,1156,4220.845116
9935.964,1116,4221.864766
30508.303,1355,4224.711767
30648.742,1908,4228.055086
30705.107,1538,4231.053019
20221.031,1123,4232.074021
30506.377,1159,4234.852896
20111.213,1143,4235.919796
20290.762,1099,4238.5352
20251.959,1218,4239.652582
20301.676,1190,4242.374581
20145.346,1053,4245.067999
20333.02,1329,4246.348778
9968.118,829,4248.677158
20221.57,1179,4249.769787
20220.318,1054,4252.351593
30748.482,1376,4253.630042
30499.873,1515,4256.6698
20100.33,1050,4259.232121
30484.893,1516,4260.600626
20311.844,1204,4263.291006
9990.798,1100,4265.920616
20204.688,989,4266.82254
20278.97,1421,4269.683409
20324.584,978,4270.584121
20299.28,945,4273.05994
20205.195,1043,4274.046649
20116.088,1133,4276.631158
30587.967,1325,4277.833899
20130.12,1543,4280.760787
20190.355,1054,4283.294695
9909.919,1013,4284.247166
30691.844,1722,4287.488956
30604.922,1524,4290.573498
20095.959,1116,4291.613038
20113.725,891,4294.033675
20267.754,1301,4295.226281
20355.266,1557,4298.193303
20183.988,916,4300.633805
30459.447,1474,4301.966723
20415.893,1622,4305.022506
20074.049,923,4305.892543
30442.35,1261,4308.617198
30603.434,1369,4311.436653
20208.666,883,4312.291129
10005.493,1070,4314.890515
30553.617,1387,4316.179377
20273.71,1399,4319.029886
20253.893,1415,4321.894728
30572.451,1274,4323.077918
20286.637,1187,4325.839903
10005.663,1083,4326.858037
20180.078,1027,4329.440664
20326.307,1153,4332.06893
20233.38,855,4332.828319
20100.303,1049,4333.828688
30513.564,1387,4336.598884
20358.54,1381,4339.435162
20367.504,1277,4340.639845
20477.686,1806,4343.850201
20131.27,1146,4346.46753
30620.074,1539,4349.433464
20275.213,1546,4350.84071
30714.21,1452,4353.901653
30453.676,1395,4356.779627
20255.352,1563,4359.866392
20215.373,1060,4360.869164
30523.16,1344,4363.719217
20240.305,1051,4364.745822
20347.232,1249,4367.508272
30588.646,1392,4370.382361
20111.607,1177,4371.44216
30431.094,1131,4374.197224
30527.988,1835,4377.42967
30500.006,1528,4378.835233
20129.945,1016,4381.445618
30472.28,1253,4382.578596
30562.168,1240,4385.402331
20119.934,1015,4387.965359
30457.926,1319,4389.188871
20240.904,1110,4391.706523
20229.922,1516,4393.137988
20246.348,1156,4395.839957
30543.887,1417,4398.719194
20120.205,1038,4399.64481
20201.826,1209,4402.29626
20114.287,949,4403.140215
30529.482,1479,4406.136174
30467.426,1271,4408.941792
20372.658,1292,4410.103075
20241.645,1188,4412.766993
20269.006,1428,4415.677456
30517.93,1834,4417.360934
30585.436,1576,4420.371955
30456.572,1179,4423.194598
30575.06,1538,4424.800518
20220.34,1054,4427.52624
30682.818,1309,4431.196972
20112.18,1243,4432.314792
20304.633,1485,4435.284878
9919.801,1001,4436.200821
30564.63,2005,4439.690822
30411.672,1190,4442.429152
20379.41,1469,4445.405068
20227.516,1279,4446.549943
10017.368,1260,4449.329555
20252.572,1284,4452.225248
9989.639,985,4453.119186
20386.326,1660,4456.289125
9899.316,950,4457.1667
9962.79,795,4459.562783
9949.93,1015,4460.540356
20317.223,1249,4463.46524
30486.486,1677,4466.625715
30568.234,1353,4467.848933
20234.73,1498,4470.745673
30611.793,1711,4473.951569
20247.303,1254,4476.655437
20310.475,1068,4477.634727
20272.336,1259,4480.411172
20211.621,1185,4481.504921
20230.885,1107,4484.163243
20262.043,1229,4485.309178
20133.365,854,4487.720952
20282.477,1274,4488.885085
30493.383,1364,4491.696961
20226.904,1217,4494.506246
9988.859,901,4495.321021
10011.884,1214,4498.128762
20273.168,1339,4499.339093
20124.932,1014,4501.82675
9903.459,863,4502.680796
30478.217,1346,4505.555211
20280.941,1116,4506.6131
20259.928,1013,4509.095116
20388.166,1343,4511.944738
20220.434,1063,4512.926316
30654.021,1432,4515.895707
20272.842,1312,4517.086536
20246.941,1218,4519.667769
30528.367,1362,4522.468979
20250.492,1072,4523.446063
20331.0,1122,4526.121
20243.674,1394,4528.985865
30547.89,1829,4530.644118
30459.596,1487,4533.589153
20230.27,1553,4536.686583
30622.477,1785,4540.006957
30464.912,1524,4541.403826
30765.717,1607,4544.505818
20214.64,983,4546.954956
20116.742,1191,4548.061909
20108.424,860,4550.378512
20208.951,911,4551.204588
30618.225,1350,4554.135787
20393.244,1351,4556.983766
30502.871,1316,4558.20106
20126.717,1193,4560.861047
20349.791,1506,4562.230983
20257.375,1258,4564.970301
20352.113,1234,4567.678735
30563.432,1372,4568.926741
30481.137,1645,4572.018313
30655.285,1560,4575.110544
20263.74,1396,4577.979106
20245.482,1069,4578.963492
20265.812,1104,4581.542952
30622.719,2324,4585.364196
20231.564,1174,4586.422611
20217.076,1230,4589.169905
20241.646,1187,4591.807334
20273.373,1364,4593.035695
20241.424,1163,4595.653496
20338.47,1374,4596.906277
20124.982,1018,4599.444637
20234.992,1020,4600.387103
30586.426,1677,4603.494926
20227.928,1316,4606.420154
20105.432,1064,4607.382033
30456.389,1164,4610.038128
30452.379,1263,4612.778633
20208.705,1402,4614.098293
20242.16,1241,4616.84933
20347.678,1294,4619.636627
20210.113,1029,4620.59239
20214.982,1021,4623.11312
20259.12,1443,4624.496606
10023.013,1325,4627.282463
20199.36,1465,4630.254333
30531.455,1170,4631.336976
30563.455,1884,4634.666368
20341.201,1652,4637.787964
20198.8,899,4638.623646
20310.82,1103,4641.215044
9899.248,941,4642.067497
30468.16,1345,4644.902677
30512.21,1752,4648.103786
20097.16,1236,4649.245721
20250.59,1083,4651.930949
9978.762,895,4652.817111
20151.717,1197,4655.626957
20254.541,971,4656.57148
20241.29,1151,4659.462335
20226.678,1189,4662.346387
20074.592,979,4663.34815
20239.652,986,4666.344771
20152.22,1248,4667.640064
30529.053,1433,4670.880043
30523.244,1353,4673.924716
20268.234,1345,4675.19205
20255.094,1030,4677.843111
20128.47,863,4678.66491
20240.18,1039,4681.213311
20209.27,947,4682.079277
30493.72,1403,4685.069676
30672.98,1327,4686.361217
20079.451,962,4688.98489
20230.8,1102,4690.011581
30548.441,1368,4692.932312
20189.615,981,4695.519403
30671.744,1200,4696.648491
20436.652,1693,4699.936796
20257.756,1302,4702.785336
30694.28,1458,4704.187241
30639.426,1475,4707.294819
20341.254,1148,4709.95681
30725.805,1613,4711.513047
30719.633,2003,4715.115133
20278.182,1344,4718.046093
20255.775,1101,4720.758162
20225.434,1063,4721.777216
20267.564,1282,4724.923887
9996.079,1131,4726.221042
10001.55,1180,4729.382501
30457.645,1291,4732.207261
20230.326,1055,4733.184663
30600.988,1632,4736.406809
20206.14,1139,4737.428632
20199.152,933,4739.839802
20235.363,1056,4740.795572
30569.393,1471,4743.844337
20269.209,1448,4746.812552
20205.133,1546,4749.951017
20361.35,1155,4751.020114
30631.809,1208,4753.794101
20206.637,1189,4754.931021
20260.12,1032,4757.836195
20371.207,1146,4758.944139
20200.58,1076,4761.611343
20177.557,771,4762.315198
30572.766,1302,4765.25925
20220.533,1073,4766.254539
20397.734,1300,4769.283884
30524.957,1525,4772.674439
20188.518,1379,4774.079985
9960.557,1073,4776.86495
9887.521,768,4777.607891
30707.658,1796,4781.177462
30441.916,1215,4783.996486
20257.402,1266,4785.167405
30606.447,1170,4787.93036
20267.793,1301,4790.822588
20123.78,893,4791.638088
20179.111,926,4794.251741
30644.797,1511,4795.696901
20270.537,1580,4798.879935
30446.74,1199,4801.74358
20180.639,1086,4802.732854
30593.037,1331,4805.683464
20450.79,1611,4808.790269
20157.348,1259,4810.000615
20329.979,1017,4812.572641
20332.998,1330,4813.826915
20257.27,1764,4817.281824
20200.482,1070,4820.167041
30558.963,1424,4821.528347
20220.627,1082,4824.341638
20235.861,1105,4825.453817
20258.219,1344,4828.54026
20346.238,1148,4831.362099
30506.293,1151,4832.440881
20115.21,1043,4835.205625
30573.168,1346,4836.568278
20331.201,1140,4839.540082
20223.281,1352,4842.678272
30473.004,1327,4844.019251
20228.355,853,4846.68491
20343.098,1337,4848.079458
30540.912,1111,4850.988575
30633.398,1369,4854.38487
20246.22,1144,4855.836055
20247.688,1293,4859.195734
20214.643,984,4860.195007
20144.89,1006,4863.504029
20165.643,1084,4864.822338
20210.434,1065,4868.069588
30574.895,1521,4871.531878
20236.002,1121,4872.58649
20188.025,818,4873.508542
30611.73,1708,4877.707489
20317.28,1254,4881.270943
20271.836,1209,4884.610715
20203.29,845,4885.559392
20309.727,992,4886.66005
20108.107,826,4889.799521
20247.984,1320,4891.171883
20156.15,1137,4893.990873
20247.58,1282,4896.917011
20236.064,1130,4897.995328
30575.152,1036,4900.634033
20436.812,1715,4904.107851
20190.355,1057,4905.111331
20246.23,1146,4908.013895
20059.014,915,4908.884465
30594.506,1481,4911.957953
20111.512,1165,4915.157086
20271.283,1151,4919.520224
20255.92,1115,4920.640587
20421.217,1657,4924.036497
20258.83,901,4926.726152
20208.238,841,4927.642291
20333.238,1347,4930.651132
30591.229,1147,4931.793502
20244.744,995,4934.613861
20101.258,1148,4935.776156
30724.43,1469,4939.354609
30488.88,1417,4942.528614
20171.336,1159,4943.643469
20230.98,1123,4946.436622
30546.139,1646,4949.672124
20235.52,1072,4950.67931
20190.598,1080,4953.527745
20223.81,899,4954.473763
10010.55,1075,4957.376227
9909.827,1002,4958.342145
20240.9,1111,4961.093813
9999.472,966,4962.001363
30619.463,1474,4965.104831
30508.156,1343,4968.085725
20258.639,1389,4969.368452
20331.215,1146,4972.073585
30441.922,1215,4973.282459
20158.758,1403,4977.544613
20289.422,959,4980.305215
20171.514,1168,4981.500667
20265.01,1523,4985.030607
30452.875,1314,4988.409485
30588.793,1407,4989.780585
30510.363,1567,4993.261265
20222.312,1254,4996.341953
30441.406,1164,4997.654792
20242.617,1285,5000.72771
20242.266,1248,5001.918688
20276.49,1172,5004.798194
20239.94,1015,5005.809803
20239.846,1003,5008.577135
20229.533,974,5009.504179
20315.043,1535,5012.674077
20252.787,1301,5015.746845
30447.24,1252,5017.114875
10010.794,1103,5020.055188
20224.373,958,5020.977223
20212.355,1263,5023.957386
20230.723,1094,5026.872737
20119.293,950,5027.886324
9979.332,953,5030.557011
30463.1,1336,5031.79521
20353.121,1337,5034.894829
30639.9,1520,5038.339018
30627.125,1239,5039.523806
20214.516,972,5042.190723
20230.201,1040,5043.153682
20147.168,1238,5046.087098
20315.135,1036,5047.182748
20118.479,865,5049.791348
20331.412,1163,5050.952301
20235.281,1048,5053.751129
20225.232,1044,5054.832811
30640.096,1537,5058.175534
20374.898,1523,5061.469943
20370.062,1539,5064.804539
30417.09,1236,5066.052852
20352.686,1293,5069.272357
30484.537,1485,5070.817477
30525.352,1568,5074.332644
20331.982,1222,5077.340259
20274.53,1478,5080.390538
30447.146,1241,5081.613303
20074.09,928,5084.246321
20154.941,1013,5085.188003
20111.848,1207,5088.071185
30562.88,1315,5089.338941
20352.68,1291,5092.181286
20208.924,908,5093.016274
30498.195,1347,5096.105507
30552.984,1324,5099.11089
20281.584,1181,5100.23006
20199.852,1002,5102.849221
20211.041,1126,5103.983864
30425.006,1021,5106.633036
20251.916,1213,5107.80634
9909.691,988,5110.392809
20161.576,1179,5113.133669
30521.174,1650,5114.734747
30492.469,1275,5117.834917
20193.904,904,5118.677089
20079.219,936,5121.176309
20110.508,1073,5122.168044
20204.84,1002,5124.780794
20287.232,1243,5125.962173
20271.06,1131,5128.727572
20118.998,916,5129.587852
30510.285,1560,5132.647607
20324.936,1012,5135.347505
30572.11,1237,5136.504115
20242.654,1286,5139.464964
20225.24,1044,5140.473827
30425.584,1081,5143.134817
30558.271,1357,5146.320304
20211.336,1155,5147.569929
20333.537,1382,5150.583796
20358.732,1403,5153.628059
20192.305,1254,5154.889972
20098.38,853,5157.522893
20125.078,1029,5158.538132
30630.906,1115,5161.281182
20242.611,1283,5162.480836
20199.877,1006,5165.18971
20226.309,1156,5166.320812
20119.244,944,5168.977836
9892.786,794,5169.717694
30587.174,1243,5172.526475
30508.645,1390,5173.809174
20266.236,1145,5176.52417
20123.902,909,5177.396389
30435.979,1120,5180.037051
30488.42,1367,5182.996951
30543.188,1344,5184.303571
20246.162,1137,5187.094548
20311.38,1162,5188.31083
20250.055,1026,5191.114125
20077.94,809,5191.920119
20154.568,974,5194.647332
20107.56,1276,5195.917199
20240.031,1026,5198.669535
20263.127,1338,5201.667814
20262.9,1316,5202.944838
20363.887,1415,5206.275714
20235.02,1533,5209.939178
30449.66,1495,5211.55413
20128.549,874,5214.282144
20329.457,966,5215.220941
20241.71,1196,5218.230004
20114.72,986,5219.225244
20124.557,975,5221.797379
20311.36,1159,5222.853149
20294.623,982,5225.447825
20248.19,1348,5228.304509
20247.041,1229,5229.476682
30631.184,1652,5232.60698
20269.201,940,5233.529562
20184.816,998,5236.098856
9983.059,823,5236.873157
30464.385,1467,5239.83828
20257.21,1242,5242.672832
10027.088,1230,5243.903805
20343.66,1389,5246.869961
20348.031,1329,5249.712035
20189.875,1008,5250.634403
20240.68,1090,5253.320493
20257.357,1264,5254.540927
20124.62,983,5257.214866
20089.572,977,5258.199193
20204.082,926,5260.908588
20224.889,1007,5261.841441
30458.541,1384,5264.85477
20218.871,902,5265.692599
20169.16,936,5268.259453
9984.284,947,5269.123701
20104.967,1017,5271.667022
20077.734,790,5272.389272
9897.766,793,5273.145688
20137.6,1287,5276.212108
30442.438,1271,5279.080065
20342.754,1301,5280.348046
20215.348,1057,5282.981056
20266.807,1205,5284.129236
20266.855,1206,5286.953553
20251.652,1188,5289.767038
20210.812,1100,5290.80189
20234.969,1019,5293.530131
9967.924,808,5294.33671
20105.594,1076,5297.024012
10032.524,1278,5298.264971
20221.654,1184,5301.19133
30492.453,1272,5302.417649
20220.291,1046,5305.38712
20300.385,1061,5306.513637
20320.262,1046,5309.374344
20310.195,1037,5310.353499
10004.618,981,5313.037585
20217.262,1251,5314.296152
30501.41,1165,5317.23721
20188.844,901,5318.274627
20321.08,1129,5321.227085
30410.09,1031,5324.041227
20259.176,1443,5325.415531
20292.477,1270,5328.320271
20289.71,990,5329.214048
20261.146,1136,5331.858074
20302.504,1272,5334.718053
20210.764,1097,5335.735776
20329.662,986,5338.27174
9903.072,823,5339.03251
20198.371,852,5339.823519
9887.287,743,5342.254889
20230.508,1072,5343.275801
30554.459,1473,5346.384135
20230.732,1091,5349.082308
30472.525,1279,5350.273125
20098.96,910,5352.724832
20204.754,996,5353.632332
20077.494,763,5354.40147
20270.895,1112,5357.226334
20125.564,1076,5359.951607
20133.05,1327,5361.194085
20193.54,870,5363.58434
20257.863,1313,5364.798247
9893.507,869,5367.205193
30427.154,1238,5368.386154
20237.44,1270,5371.147146
20204.588,980,5372.060135
20241.098,1130,5374.76104
10000.46,1068,5375.759134
20196.58,1182,5378.455024
9914.76,991,5379.367386
30453.283,1357,5382.218941
20299.803,1001,5384.822587
20101.008,1119,5385.868573
20211.135,1134,5388.542247
20349.295,1458,5389.887249
20240.428,1063,5392.49284
10026.165,1141,5395.289884
20210.217,1041,5396.867342
20190.713,1088,5399.901604
20093.396,857,5400.681834
20236.488,1171,5403.385441
20209.045,921,5404.297336
20068.082,821,5405.050591
20172.12,1232,5407.853069
20224.115,1441,5410.803797
20222.14,1240,5411.966846
20100.08,1030,5414.716063
20121.732,1190,5415.829661
20240.88,1106,5418.558331
10013.216,1347,5421.490942
9929.448,964,5422.390137
20220.453,1065,5425.08631
20190.09,1031,5426.090695
20151.29,1151,5428.921012
20169.422,961,5429.800038
9989.622,983,5432.417865
20217.938,1319,5433.659746
20077.404,755,5436.021851
20203.84,903,5436.886584
30453.752,1400,5439.76318
20123.799,899,5440.58521
20108.602,879,5442.997907
20115.686,1088,5444.041103
30426.37,1162,5446.983854
30480.87,1111,5448.089713
10016.243,1142,5450.803808
20341.297,1150,5451.882155
20229.834,1004,5454.683758
20189.883,1008,5455.857392
20173.482,864,5458.677866
9887.587,774,5459.390077
10000.279,1050,5462.048397
20109.47,967,5462.954532
20080.172,1040,5465.640446
20105.273,1050,5466.620547
20143.89,907,5469.234302
20252.021,1227,5470.451269
20120.72,1089,5473.113604
20222.77,1298,5474.342659
20221.438,1166,5477.133558
20271.365,1162,5478.235769
20276.496,1176,5480.988194
20215.18,1040,5483.706668
20199.486,968,5484.63581
20338.928,1422,5487.769777
20128.61,1385,5489.06061
20260.484,1072,5491.757001
20113.816,897,5492.629491
20264.441,1477,5495.909821
20110.525,1075,5498.680985
20073.732,892,5499.531985
20109.867,1008,5502.156186
9908.094,825,5502.978765
20205.408,1063,5504.022346
20091.0,1123,5506.834751
20222.871,1316,5509.778169
20102.748,791,5510.542034
20148.021,1328,5513.582232
20149.432,959,5514.556255
20360.215,1042,5517.588061
30431.543,1178,5518.738842
20278.367,1363,5521.973224
20134.908,1009,5522.958737
30447.312,1256,5525.933054
20095.908,1111,5528.669957
20343.457,1370,5529.971196
20216.834,1203,5532.730842
20214.387,959,5533.640002
20124.377,953,5536.315477
20189.688,990,5537.271597
20125.66,1086,5539.998506
20140.88,1109,5541.008911
30442.607,1284,5543.937907
20155.604,1080,5544.971735
20179.78,994,5548.328239
20225.684,1091,5549.429096
20191.15,1136,5552.240624
20270.465,1068,5555.046163
20121.076,1125,5556.07855
20189.451,961,5558.701236
20099.31,950,5559.587269
20125.691,1090,5562.271557
20189.12,930,5563.195591
20206.656,1184,5566.136514
20189.799,1000,5567.092607
10020.5,1071,5569.769866
20110.664,1090,5570.783388
9978.667,885,5573.174662
20240.748,1094,5574.204706
20203.469,866,5576.729749
20136.008,1121,5577.76586
20110.336,1056,5580.421768
10003.962,915,5581.257184
9979.379,958,5583.801028
20089.795,997,5584.720457
20163.854,1416,5587.778682
10026.878,1213,5588.925362
20139.47,964,5591.434394
20095.1,1032,5592.36757
9979.45,965,5594.956667
20201.17,1139,5596.019002
20118.258,841,5598.377509
20171.016,1121,5599.413407
20092.002,1225,5602.253841
20283.062,1328,5603.491782
20337.064,1230,5606.415696
20196.447,1165,5609.342342
9872.916,808,5610.083039
9918.968,915,5612.728744
20189.127,929,5613.644661
20189.28,947,5614.616952
20295.994,1122,5617.431671
20110.988,1118,5620.069768
20139.63,980,5620.976081
20183.531,868,5621.783569
9871.392,1146,5624.456787
20188.69,887,5625.283973
20124.623,1488,5628.438275
20121.152,1138,5631.287762
20229.783,1506,5632.720237
20069.252,942,5635.344391
20169.498,967,5636.308649
20333.16,1342,5639.608931
10001.627,1182,5642.481171
20140.693,1088,5643.520522
20111.916,1213,5646.431892
20218.598,1384,5647.777923
9990.844,1101,5650.494023
20303.152,1344,5653.450455
20124.854,1006,5654.47098
20189.756,994,5657.204052
20108.863,906,5658.060558
20279.824,1000,5659.005978
9995.79,1097,5661.713318
20212.38,1260,5664.597901
20192.809,796,5665.351715
20106.072,1130,5668.201831
20114.912,1010,5669.170445
20125.795,1103,5671.870692
20106.266,1148,5672.905878
9879.575,970,5675.514411
20124.723,990,5676.449126
20225.496,1067,5679.11423
20094.123,932,5679.967809
20098.037,821,5682.334699
20192.713,786,5683.109934
20247.646,1287,5686.142622
20104.084,927,5687.073501
9903.651,883,5687.9481
20131.393,1163,5690.757291
20204.21,939,5691.635248
20350.951,1120,5694.30619
20340.678,1090,5697.098655
9961.376,1159,5698.222749
20281.059,1127,5700.871157
20245.717,1093,5701.856071
20367.93,1319,5704.727707
20128.617,1385,5705.951551
20098.387,853,5708.304014
20099.729,991,5709.21193
20130.88,1112,5711.957438
9925.67,1089,5712.960664
20243.365,1366,5715.83977
20301.05,1126,5718.435658
20178.072,825,5719.169545
20166.096,1130,5721.793825
20311.812,1206,5722.922618
20158.258,843,5725.402998
20289.338,951,5726.326025
30473.428,1369,5729.455661
9982.925,808,5730.218025
20352.604,1285,5733.154233
20316.133,1135,5734.282386
20309.723,994,5737.052386
20219.309,948,5738.009272
20200.979,1119,5740.787907
20124.457,965,5741.662487
20252.408,1267,5744.623363
9926.64,1180,5745.743823
20145.258,1047,5748.371433
20228.959,1421,5751.369317
20097.986,814,5752.107938
20209.496,967,5754.730098
20131.9,1216,5755.843143
20101.37,1156,5759.119516
20199.764,994,5760.630054
20247.17,1240,5763.461039
20231.34,1160,5764.589397
20210.45,1067,5767.311056
20225.66,1090,5768.367325
20229.238,941,5770.926152
20084.133,931,5771.783468
20351.594,1184,5774.553698
20204.9,1012,5775.52063
20226.982,1220,5778.369069
20331.926,1213,5781.224536
20133.674,883,5782.040259
20289.643,982,5784.70822
20372.451,1271,5785.896804
9999.749,994,5788.394636
20181.373,1156,5789.448903
20226.021,1123,5792.059991
20178.15,833,5792.838582
20219.809,999,5795.375887
20095.682,1085,5796.409214
20329.95,1017,5799.051179
20228.584,873,5799.927692
20267.742,1301,5802.823172
20210.098,1029,5803.788359
20075.375,1055,5806.466475
20122.287,742,5807.193464
20093.709,889,5809.648206
20079.955,1017,5810.583293
20121.436,1161,5813.275148
20221.484,1174,5814.410407
30530.979,1120,5817.059136
20230.688,1089,5818.083661
20255.81,1103,5820.709662
20231.172,1138,5821.742543
20229.256,944,5824.324838
30506.602,1185,5825.467187
20094.79,999,5828.06556
30483.123,1340,5830.956544
20247.08,1234,5832.107251
20332.395,1264,5834.908511
20135.367,1053,5835.870469
20111.523,1177,5838.685005
20178.045,821,5839.419462
20140.703,1093,5842.029459
20110.416,1063,5843.023039
20092.947,808,5845.49843
20288.537,869,5846.336345
20209.104,925,5849.020895
9984.65,980,5849.943387
30420.164,1037,5852.594347
20354.504,1479,5854.041502
20240.174,1037,5856.834097
20260.318,1053,5857.856229
20234.152,931,5860.367785
20166.67,1189,5861.45202
30462.26,1253,5864.202502
20109.844,1004,5865.13563
20234.582,976,5867.642167
30460.46,1069,5868.634635
20347.826,1308,5871.504685
20331.297,1154,5874.302456
20246.799,1202,5875.422846
20226.686,1193,5878.181535
9914.738,990,5879.108286
20252.113,1238,5881.847947
20309.764,995,5882.786791
20143.104,826,5885.515751
30503.688,1396,5886.869402
9982.729,788,5889.351004
30547.822,1311,5890.667906
20123.918,906,5893.181777
20240.068,1027,5894.2384
20088.625,880,5896.773134
20205.896,1113,5897.857262
20321.451,1167,5900.62934
30491.035,1635,5903.884516
20214.057,922,5904.721963
20112.697,1291,5907.607073
20237.416,1269,5908.85505
20210.887,1108,5911.603408
30465.81,1103,5914.39448
20361.504,1172,5915.485697
20254.361,1464,5918.537676
20311.287,1153,5919.612093
9979.03,922,5922.158379
20332.873,1308,5923.39359
20091.465,661,5925.835713
20255.82,1104,5926.942015
20248.963,914,5929.516715
20092.75,1303,5930.704901
20209.955,1015,5933.253837
20116.266,1147,5934.347486
20189.617,983,5936.899878
20322.035,1228,5939.672479
20124.152,932,5940.539861
30480.414,1061,5943.11316
30417.152,1240,5944.290252
20105.744,1096,5947.07776
30526.91,1215,5948.216849
30432.31,1257,5951.004143
30519.31,1462,5954.150837
20134.184,935,5955.091052
30470.893,1112,5957.908789
30458.816,1411,5959.248122
30435.633,1598,5962.546725
20310.729,1095,5965.394397
30516.84,1210,5966.488856
20260.812,1104,5969.380631
30465.695,1597,5972.725202
20209.568,976,5973.670899
20289.379,954,5974.615023
20112.568,772,5977.007375
30451.275,1151,5978.067525
20195.518,1070,5980.686971
30399.832,1003,5981.601328
20227.639,1291,5984.406875
20242.186,1244,5987.140192
20102.236,738,5987.80812
20131.031,1122,5990.392858
20236.844,1211,5991.509759
20293.713,1400,5994.46611
20311.89,1210,5995.57891
20290.648,1593,5998.656445
20357.15,1241,6001.381644
30486.254,1149,6002.422124
20342.906,1312,6005.385967
20147.578,1280,6008.13025
30521.887,1213,6009.24752
20105.455,1062,6011.77215
30430.873,1110,6012.793885
20236.424,1167,6015.501311
10000.018,1023,6016.431592
20304.428,960,6018.870499
30410.953,1119,6019.929366
30564.076,1435,6022.852766
20118.178,835,6023.648059
30488.316,1361,6026.580738
20204.408,958,6029.042375
20307.998,1323,6030.249849
20113.994,918,6032.812448
20215.945,1112,6033.899515
20235.719,1094,6036.611175
20089.367,955,6037.508307
20214.916,1010,6040.262054
20188.514,869,6041.066519
20220.023,1021,6043.733595
20245.703,1093,6044.792592
30441.791,1204,6047.585167
20218.738,889,6048.403545
20187.92,809,6050.81071
20279.04,919,6051.648955
20209.62,981,6054.253073
20104.65,985,6055.204386
9984.431,964,6056.149166
20078.275,845,6058.609086
20087.512,766,6059.390818
20119.549,970,6061.93805
20219.207,938,6062.815136
20221.334,1158,6065.566523
20229.42,958,6066.437689
30454.86,1506,6069.38127
20208.564,872,6070.184788
30575.256,1555,6073.18339
20290.783,1100,6075.862519
20087.871,800,6076.631891
20330.658,1086,6079.178708
30554.188,1447,6080.513756
20133.88,904,6082.954978
30572.44,1269,6084.130961
30642.225,1249,6086.844834
20119.312,951,6087.726499
20084.816,1002,6090.237667
20352.996,1321,6093.122014
20332.877,1316,6094.400285
10005.272,1049,6097.119785
20225.82,1105,6098.141946
30474.059,1432,6101.085935
20311.783,1203,6103.83232
20216.137,1136,6104.894978
30481.766,1203,6107.580821
20325.037,1022,6108.506863
20156.32,1156,6111.208199
20111.477,1172,6112.268058
20266.451,1170,6114.986088
20195.555,1076,6115.990158
20250.113,1030,6118.513739
20261.385,1159,6121.182798
20206.342,1159,6122.261836
20283.572,1386,6125.227929
9973.459,860,6126.028675
20234.494,971,6128.526193
30693.188,1348,6129.771948
20240.926,1113,6132.419304
20209.564,974,6133.295237
20231.395,1161,6136.082048
20353.959,1427,6139.124543
20255.943,1116,6140.150914
20234.492,969,6142.694315
20129.643,984,6143.593014
30487.828,1308,6146.491296
20208.568,874,6147.298663
20140.717,1093,6149.91839
20216.984,1217,6151.019276
20115.014,1017,6153.505669
20319.809,997,6154.45223
20177.787,794,6156.79013
20204.586,978,6157.711566
30411.049,1129,6160.374724
9998.867,906,6161.21136
20333.139,1338,6164.123156
20112.281,744,6164.819582
20301.56,1181,6167.584541
30615.184,1551,6168.997319
20180.121,1031,6171.626702
20231.12,1135,6174.338929
20329.818,1002,6175.272694
20234.012,920,6176.166519
20304.453,1475,6179.128525
20180.66,1083,6181.78264
30473.152,1342,6183.010633
20353.277,1356,6185.927147
20348.188,1340,6188.721124
30430.947,1119,6189.727026
20079.979,1019,6192.400273
20202.404,1264,6193.569861
9929.297,949,6196.144658
20129.283,946,6197.031378
30530.844,1107,6199.690864
30531.477,1171,6200.755348
20234.889,1009,6203.286847
20080.445,1066,6204.289686
30430.242,1047,6206.843667
20198.61,877,6207.634526
20184.041,919,6210.082838
20213.752,893,6210.907306
30704.404,1469,6213.899821
20309.9,1012,6214.841325
30487.43,1271,6217.728311
20103.748,894,6220.257361
30541.254,1659,6221.820584
20325.05,1024,6224.482514
30511.66,1191,6225.605237
20331.82,1204,6228.416517
20232.098,1231,6231.140535
20315.299,1053,6232.137744
30440.508,1072,6234.788937
20193.348,851,6235.606843
20109.146,932,6236.558686
20135.084,1029,6239.090479
20159.66,985,6240.02437
30450.4,1060,6243.521208
30453.414,1368,6246.446075
20188.97,915,6247.297177
20289.082,923,6249.826705
30502.955,1322,6251.080662
30704.064,1435,6254.077349
20226.838,1204,6255.186881
20187.316,746,6257.588271
20244.947,1016,6258.565668
30718.37,1367,6261.524439
20350.59,1081,6264.211663
20210.662,1085,6265.209898
20210.9,1112,6268.009644
20267.816,1304,6269.22224
20249.55,975,6271.76297
20230.11,1029,6272.716232
30389.355,957,6275.244629
20155.877,1110,6276.305377
20140.541,1076,6278.985914
20222.854,1307,6280.212984
10041.223,1146,6282.918229
20362.084,1234,6285.841188
20311.021,1123,6286.939054
20243.178,1346,6289.912616
30468.092,1337,6291.207232
20246.998,1225,6294.082471
20113.94,912,6294.933129
20322.797,1307,6297.957344
20383.818,1411,6300.919782
30453.152,1344,6302.184301
9973.918,911,6304.719936
20191.168,1138,6305.777356
20117.838,799,6308.084542
30464.852,1006,6309.003842
20245.7,1094,6311.645927
20228.814,899,6312.455729
20225.807,1104,6315.146872
30541.936,1218,6316.29707
20144.383,956,6318.836228
20231.334,1153,6319.929628
9905.376,1057,6322.53772
20384.11,1436,6325.514094
30578.486,1377,6326.793083
30520.629,1084,6329.457678
9878.238,835,6330.210114
20256.098,1134,6333.038268
20310.17,1036,6334.092928
20272.102,1231,6337.047243
20220.215,1042,6338.061755
20272.602,1285,6340.902475
30478.832,1415,6344.009072
20297.26,1250,6345.250616
30443.322,1359,6348.544665
20108.084,821,6349.329253
20241.396,1162,6352.003989
20261.096,1133,6354.755171
20232.613,1283,6355.975215
30487.69,1297,6358.831391
20120.146,1037,6359.786099
20234.3,950,6362.348137
30451.053,1129,6363.416698
20268.203,1344,6366.496674
20211.719,1193,6369.404801
30518.188,1346,6370.675956
30415.592,1082,6373.370285
30502.959,1321,6374.718637
20343.027,1326,6377.832718
30574.125,1445,6380.924913
20322.268,1254,6382.117092
20353.04,1332,6385.171494
20255.309,1053,6387.989276
20225.096,1031,6388.976954
20350.941,1115,6391.742018
20304.133,932,6392.617468
20094.502,969,6395.456188
20260.719,1095,6396.512016
20203.865,906,6399.044428
20165.396,1061,6400.074702
20241.143,1138,6402.809343
30578.549,1383,6404.162181
20272.752,1299,6407.111829
30586.494,1171,6408.201967
20382.92,1318,6411.134588
30582.463,1272,6414.08181
30476.373,1161,6415.213398
20125.906,1111,6417.855566
20256.248,1148,6418.894624
20214.484,969,6421.44576
20245.912,1114,6422.478475
20225.29,1051,6425.191546
30465.014,1534,6428.241635
20397.492,1277,6429.458088
20093.533,868,6431.960014
9930.346,1053,6432.92874
30507.908,1319,6435.812749
30514.832,1001,6436.741395
20141.527,1178,6439.562164
20077.514,766,6440.257631
20211.082,1127,6442.871503
20351.21,1145,6443.958751
20366.428,1167,6446.639658
20283.004,1326,6449.494229
20203.865,906,6450.347044
20345.414,1060,6452.945704
20188.926,911,6453.796056
20178.484,863,6454.618384
20199.035,919,6457.199444
30432.621,1289,6460.04906
20189.857,1007,6460.994609
20139.672,986,6463.664129
20238.021,1324,6464.959491
20241.084,1128,6468.549398
20210.873,1107,6469.693992
20224.97,1017,6472.81317
20257.197,1247,6474.070578
20198.057,820,6476.842212
9983.248,840,6477.698746
30482.916,1319,6480.652753
20350.326,1053,6481.666191
20093.541,872,6484.319189
30516.47,1170,6485.480945
20167.863,803,6487.92908
30572.049,1230,6489.060699
20220.123,1027,6491.680618
20260.28,1048,6492.670355
20111.121,1133,6495.375095
20214.857,1006,6496.289924
20214.186,936,6499.085007
30477.588,1283,6500.400831
20105.104,1026,6503.078085
20323.822,900,6504.007403
20231.84,1209,6506.929914
30409.703,991,6507.924164
20094.281,947,6510.438467
30603.334,1359,6513.673029
20198.684,882,6514.554914
20340.713,1094,6517.338223
20079.006,919,6518.193047
9968.304,848,6519.01973
30443.863,1418,6522.19235
20185.322,1050,6524.992387
20339.18,936,6525.882127
9914.893,1004,6528.564794
20235.219,1042,6529.528192
20183.969,916,6532.17253
20215.53,1072,6533.199464
30562.453,1273,6536.223846
20230.438,1066,6537.219996
20326.166,1138,6539.972057
20209.053,923,6540.825938
20235.543,1078,6543.507792
20235.691,1089,6544.577921
20244.799,1000,6547.131369
20069.719,992,6548.095849
30572.879,1314,6551.159717
30590.559,1076,6552.179114
30414.928,1014,6554.86148
20225.57,1078,6555.956091
20193.361,853,6558.333211
20121.799,1204,6559.496741
20084.52,971,6562.055373
20184.998,1020,6563.017006
20320.75,1095,6565.775278
20235.588,1080,6566.79923
20305.2,1038,6569.328779
30447.686,1296,6572.125807
30563.514,1382,6573.445335
20123.342,850,6575.928622
20097.703,785,6576.697538
30649.148,1445,6579.760242
20266.6,1182,6580.924714
20306.123,1131,6583.683784
20245.684,1092,6584.765415
20214.17,937,6587.469747
20355.203,1039,6588.439635
20208.404,857,6590.932217
20329.66,985,6591.858593
20231.287,1150,6594.733321
20193.986,918,6595.680621
20079.916,1013,6598.68954
30512.695,1296,6600.128003
20186.232,1142,6602.960317
20229.848,1003,6605.768384
20128.908,906,6606.656402
20344.16,1446,6609.725733
20315.816,1105,6610.756103
30404.82,1003,6613.356343
20129.559,977,6614.307682
30450.223,1043,6616.986381
20216.012,1121,6618.064311
30563.312,1361,6620.990484
20292.28,1253,6623.949289
20208.383,856,6624.750485
20288.467,863,6625.578361
20107.244,1249,6628.461147
20244.191,939,6629.324846
30598.895,1419,6632.418043
30505.463,1069,6635.173192
30385.35,1058,6636.164067
20345.104,1031,6638.784523
30400.291,1051,6639.763689
20301.371,1163,6642.405956
20119.059,925,6643.246018
30803.271,1353,6646.173869
20260.766,1099,6647.185148
20310.336,1055,6649.726318
20128.254,841,6650.493289
30495.693,1601,6653.65125
20332.223,1249,6656.516772
30401.38,1162,6657.58596
20148.426,859,6660.001555
20357.16,1243,6661.153484
20226.18,1136,6663.916121
20236.572,1181,6665.005414
30436.031,1127,6667.605292
30458.484,1379,6670.551574
20259.7,990,6671.481789
20149.42,961,6674.021523
20220.373,1059,6674.99438
20145.61,1084,6677.700314
20210.576,1080,6678.733205
20129.889,1010,6681.333275
20128.879,907,6682.173548
20258.99,1427,6685.200208
20215.729,1096,6686.27791
20290.77,1095,6688.957918
30451.49,1173,6690.037655
20088.86,905,6692.449804
20238.756,1406,6695.463607
20325.76,1099,6696.529856
20179.094,927,6699.023001
30420.03,1024,6699.959786
20075.336,1049,6702.590514
20154.674,989,6703.517093
20321.459,1169,6706.262392
20338.635,1388,6707.53939
20180.818,1104,6710.123524
20098.473,864,6710.898219
20164.8,999,6713.440971
20280.012,1023,6714.452828
20219.727,992,6717.061121
20188.008,814,6717.801831
10005.804,1103,6720.484434
20124.742,995,6721.399213
20346.111,1135,6724.155932
20198.004,817,6724.934605
20103.924,909,6727.773053
20104.61,975,6728.668972
20200.514,1074,6731.271014
20146.566,1179,6732.366198
20099.37,957,6735.05916
20349.697,989,6735.990783
20220.422,1061,6738.599137
20117.154,1242,6739.763899
20150.627,1084,6742.438076
20100.982,1123,6743.455928
20247.254,1250,6746.356366
20254.744,993,6747.263434
20169.648,986,6749.728126
20228.51,867,6750.510452
20158.287,1350,6753.330436
30510.123,1035,6754.303396
9979.089,928,6756.751653
20179.182,937,6757.629703
20332.885,1316,6760.398209
20209.307,951,6761.267995
20256.043,1128,6764.023151
20230.691,1090,6766.805986
20247.232,1249,6767.993192
20265.12,1031,6770.693417
20144.775,996,6771.690322
20294.533,971,6774.409146
20144.334,953,6775.354993
20204.184,935,6778.02938
20225.22,1041,6779.023507
20260.096,1029,6781.847235
9989.693,990,6782.85252
20346.793,1206,6785.778964
9977.714,787,6786.625032
20245.797,1103,6789.431499
30511.695,1195,6790.550477
20224.553,976,6793.112762
20240.08,1030,6794.096864
20283.885,1418,6797.055754
20276.422,1167,6798.159459
30613.697,1400,6801.061692
20256.049,1124,6803.727168
9983.351,853,6804.545701
20135.135,1031,6807.312229
30467.717,1299,6808.58603
20204.092,928,6811.104037
20072.996,813,6811.886874
20115.322,1054,6814.653214
20118.676,886,6815.484919
20215.422,1063,6816.536222
20257.186,1244,6819.40412
20141.62,1185,6822.234355
20244.67,987,6823.160015
20316.197,1141,6825.93463
20220.531,1074,6826.932941
20320.71,1094,6829.589525
20310.018,1020,6830.507704
20090.455,1069,6833.130659
20341.08,1131,6834.188697
30431.53,1177,6837.096133
20246.125,1133,6838.288625
9978.523,869,6840.951547
9967.71,787,6841.744862
20271.283,1153,6844.819999
20204.291,945,6845.78998
20136.223,1147,6848.976056
20100.207,1038,6849.990907
20267.27,741,6852.375828
20288.795,897,6853.208629
20205.477,1070,6856.028645
20179.12,929,6856.908304
30436.6,1186,6859.715402
30447.764,1305,6860.941463
20232.248,1246,6863.736849
30396.07,1128,6866.514852
30432.156,1238,6867.66689
20219.518,971,6870.190584
30485.143,1548,6871.665394
20357.996,1327,6874.62877
20288.842,900,6875.496871
20398.424,1370,6878.520947
20129.123,931,6881.026582
20112.234,738,6881.712665
20246.26,1150,6882.785222
30611.033,1636,6885.966055
20207.572,1273,6888.767436
30459.799,1512,6891.849229
20342.26,1249,6893.001791
20208.887,907,6895.653382
20094.326,949,6896.547446
20103.86,903,6898.98661
20231.205,1140,6900.030052
20188.766,892,6902.474298
20225.96,1119,6903.511511
20208.46,865,6906.033467
20240.416,1063,6907.053297
30473.73,1402,6910.05119
20177.66,781,6910.807932
20221.54,1178,6913.522564
20201.564,1181,6914.66181
20228.531,870,6917.103005
20216.086,1129,6918.160796
20219.82,1002,6920.717518
20115.58,1077,6921.70755
20118.855,905,6924.230587
20213.428,860,6925.029365
20102.547,770,6927.485336
20122.504,1271,6928.719231
20204.879,1004,6931.338666
20173.729,892,6932.200676
10004.85,1002,6934.840188
20214.674,987,6935.804895
20236.393,1161,6938.660028
20129.29,949,6939.604502
20220.232,1045,6942.248829
20231.564,1182,6943.33847
20178.627,881,6945.893068
20205.18,1037,6946.841181
20125.578,1079,6949.490618
20178.668,884,6950.290619
20129.805,1002,6952.841109
30471.898,1215,6953.961494
20245.662,1089,6956.542032
20199.086,928,6957.401353
20290.521,1069,6960.044932
20111.328,1157,6961.126282
20198.396,855,6963.528013
20077.934,807,6964.330564
20226.1,1133,6966.980899
20204.3,950,6967.863274
20230.28,1051,6970.490712
20111.574,1180,6971.602035
20353.557,1385,6974.760197
20104.982,1021,6975.79811
20225.697,1091,6978.58769
20298.707,886,6979.417952
20222.254,1251,6982.201276
20216.71,1192,6983.304745
20204.854,1007,6986.002125
20274.54,973,6986.946983
20250.385,1059,6989.623831
20189.227,942,6990.518504
30429.367,957,6993.197613
20306.363,1160,6994.353402
30422.012,1225,6997.456922
30421.69,1195,7000.414378
20157.73,789,7001.145287
20240.9,1111,7003.976989
20220.982,1119,7005.033104
20222.053,1228,7007.969892
20330.602,1082,7008.990198
30450.305,1053,7011.644933
20102.938,809,7012.386711
20254.809,1000,7015.053866
20179.756,997,7016.015192
20225.18,1040,7018.704578
20253.025,1330,7019.962572
20329.824,1003,7022.580172
20282.633,1289,7023.855154
30436.457,1171,7026.614326
20214.824,1001,7027.609731
30453.006,1327,7030.42184
20378.33,1362,7033.242154
30484.021,1430,7034.619093
20219.592,976,7037.178897
20245.45,1068,7038.19047
20217.377,1259,7040.959359
30430.555,1079,7043.576628
20195.303,1046,7044.596315
9930.302,1050,7047.250349
20310.826,1106,7048.288739
20136.588,1184,7051.097811
30515.484,1068,7052.174222
